run_date,disease,state,year,cumulative_notifications
2024-09-24,COVID-19,ACT,2024,3809
2024-10-02,COVID-19,ACT,2024,3863
2024-10-09,COVID-19,ACT,2024,3911
2024-10-16,COVID-19,ACT,2024,3947
2024-10-23,COVID-19,ACT,2024,4012
2024-10-30,COVID-19,ACT,2024,4065
2024-11-06,COVID-19,ACT,2024,4137
2024-11-13,COVID-19,ACT,2024,4222
2024-11-20,COVID-19,ACT,2024,4306
2024-11-27,COVID-19,ACT,2024,4397
2024-12-04,COVID-19,ACT,2024,4465
2024-12-11,COVID-19,ACT,2024,4526
2024-12-18,COVID-19,ACT,2024,4590
2024-12-25,COVID-19,ACT,2024,4630
2025-01-01,COVID-19,ACT,2025,4
2025-01-02,COVID-19,ACT,2025,4
2025-01-08,COVID-19,ACT,2025,83
2025-01-15,COVID-19,ACT,2025,172
2025-01-22,COVID-19,ACT,2025,229
2025-01-29,COVID-19,ACT,2025,278
2025-02-05,COVID-19,ACT,2025,313
2025-02-12,COVID-19,ACT,2025,357
2025-02-13,COVID-19,ACT,2025,357
2025-02-19,COVID-19,ACT,2025,400
2025-02-26,COVID-19,ACT,2025,459
2025-03-05,COVID-19,ACT,2025,493
2025-03-12,COVID-19,ACT,2025,530
2025-03-19,COVID-19,ACT,2025,564
2025-03-26,COVID-19,ACT,2025,590
2025-04-02,COVID-19,ACT,2025,629
2025-04-09,COVID-19,ACT,2025,661
2025-04-16,COVID-19,ACT,2025,699
2025-04-23,COVID-19,ACT,2025,728
2025-04-30,COVID-19,ACT,2025,780
2025-05-07,COVID-19,ACT,2025,823
2025-05-14,COVID-19,ACT,2025,888
2025-05-21,COVID-19,ACT,2025,996
2025-05-28,COVID-19,ACT,2025,1077
2025-06-04,COVID-19,ACT,2025,1162
2025-06-11,COVID-19,ACT,2025,1259
2025-06-18,COVID-19,ACT,2025,1406
2025-06-25,COVID-19,ACT,2025,1570
2025-07-02,COVID-19,ACT,2025,1715
2025-07-09,COVID-19,ACT,2025,1859
2025-07-16,COVID-19,ACT,2025,1958
2025-07-23,COVID-19,ACT,2025,2038
2025-07-30,COVID-19,ACT,2025,2105
2025-08-06,COVID-19,ACT,2025,2156
2025-08-13,COVID-19,ACT,2025,2218
2025-08-20,COVID-19,ACT,2025,2283
2025-08-27,COVID-19,ACT,2025,2325
2025-09-03,COVID-19,ACT,2025,2378
2025-09-10,COVID-19,ACT,2025,2434
2025-09-17,COVID-19,ACT,2025,2478
2025-09-24,COVID-19,ACT,2025,2531
2025-10-01,COVID-19,ACT,2025,2615
2025-10-08,COVID-19,ACT,2025,2638
2025-10-15,COVID-19,ACT,2025,2658
2025-10-22,COVID-19,ACT,2025,2677
2025-10-29,COVID-19,ACT,2025,2699
2025-11-05,COVID-19,ACT,2025,2730
2025-11-12,COVID-19,ACT,2025,2765
2025-11-19,COVID-19,ACT,2025,2824
2025-11-26,COVID-19,ACT,2025,2868
2025-12-03,COVID-19,ACT,2025,2901
2025-12-10,COVID-19,ACT,2025,2915
2025-12-17,COVID-19,ACT,2025,2952
2025-12-24,COVID-19,ACT,2025,2967
2025-12-31,COVID-19,ACT,2025,2982
2026-01-01,COVID-19,ACT,2026,0
2026-01-02,COVID-19,ACT,2026,0
2026-01-07,COVID-19,ACT,2026,14
2026-01-14,COVID-19,ACT,2026,28
2026-01-21,COVID-19,ACT,2026,39
2026-01-28,COVID-19,ACT,2026,51
2026-02-04,COVID-19,ACT,2026,69
2026-02-11,COVID-19,ACT,2026,102
2026-02-18,COVID-19,ACT,2026,122
2026-02-25,COVID-19,ACT,2026,139
2026-03-04,COVID-19,ACT,2026,156
2026-03-11,COVID-19,ACT,2026,166
2026-03-18,COVID-19,ACT,2026,182
2026-03-25,COVID-19,ACT,2026,206
2026-04-01,COVID-19,ACT,2026,222
2026-04-08,COVID-19,ACT,2026,237
2026-04-15,COVID-19,ACT,2026,259
2026-04-22,COVID-19,ACT,2026,288
2026-04-29,COVID-19,ACT,2026,296
2026-05-06,COVID-19,ACT,2026,326
2026-05-13,COVID-19,ACT,2026,353
2026-05-20,COVID-19,ACT,2026,374
2026-05-27,COVID-19,ACT,2026,411
2026-06-03,COVID-19,ACT,2026,452
2026-06-10,COVID-19,ACT,2026,504
2026-06-17,COVID-19,ACT,2026,573
2026-06-24,COVID-19,ACT,2026,619
2026-07-01,COVID-19,ACT,2026,680
2026-07-08,COVID-19,ACT,2026,717
2026-07-15,COVID-19,ACT,2026,767
2024-10-02,COVID-19,NSW,2024,108976
2024-10-09,COVID-19,NSW,2024,110402
2024-10-16,COVID-19,NSW,2024,112015
2024-10-23,COVID-19,NSW,2024,113492
2024-10-30,COVID-19,NSW,2024,115051
2024-11-06,COVID-19,NSW,2024,116825
2024-11-13,COVID-19,NSW,2024,118860
2024-11-20,COVID-19,NSW,2024,120778
2024-11-27,COVID-19,NSW,2024,122859
2024-12-04,COVID-19,NSW,2024,124985
2024-12-11,COVID-19,NSW,2024,127309
2024-12-18,COVID-19,NSW,2024,129931
2024-12-25,COVID-19,NSW,2024,132476
2025-01-02,COVID-19,NSW,2025,49
2025-01-08,COVID-19,NSW,2025,1732
2025-01-15,COVID-19,NSW,2025,3958
2025-01-22,COVID-19,NSW,2025,5860
2025-01-29,COVID-19,NSW,2025,7252
2025-02-05,COVID-19,NSW,2025,8743
2025-02-13,COVID-19,NSW,2025,10497
2025-02-19,COVID-19,NSW,2025,11460
2025-02-26,COVID-19,NSW,2025,13489
2025-03-05,COVID-19,NSW,2025,15215
2025-03-12,COVID-19,NSW,2025,16784
2025-03-19,COVID-19,NSW,2025,18241
2025-03-26,COVID-19,NSW,2025,19507
2025-04-02,COVID-19,NSW,2025,20582
2025-04-09,COVID-19,NSW,2025,21731
2025-04-16,COVID-19,NSW,2025,22845
2025-04-23,COVID-19,NSW,2025,23610
2025-04-30,COVID-19,NSW,2025,24663
2025-05-07,COVID-19,NSW,2025,25968
2025-05-14,COVID-19,NSW,2025,27567
2025-05-21,COVID-19,NSW,2025,29650
2025-05-28,COVID-19,NSW,2025,32226
2025-06-04,COVID-19,NSW,2025,35153
2025-06-11,COVID-19,NSW,2025,38110
2025-06-18,COVID-19,NSW,2025,42186
2025-06-25,COVID-19,NSW,2025,46324
2025-07-02,COVID-19,NSW,2025,49923
2025-07-09,COVID-19,NSW,2025,53036
2025-07-16,COVID-19,NSW,2025,55669
2025-07-23,COVID-19,NSW,2025,57941
2025-07-30,COVID-19,NSW,2025,60183
2025-08-06,COVID-19,NSW,2025,62072
2025-08-13,COVID-19,NSW,2025,63615
2025-08-20,COVID-19,NSW,2025,65138
2025-08-27,COVID-19,NSW,2025,66611
2025-09-03,COVID-19,NSW,2025,68083
2025-09-10,COVID-19,NSW,2025,69454
2025-09-17,COVID-19,NSW,2025,70587
2025-09-24,COVID-19,NSW,2025,71778
2025-10-01,COVID-19,NSW,2025,72713
2025-10-08,COVID-19,NSW,2025,73424
2025-10-15,COVID-19,NSW,2025,74177
2025-10-22,COVID-19,NSW,2025,74820
2025-10-29,COVID-19,NSW,2025,75423
2025-11-05,COVID-19,NSW,2025,76060
2025-11-12,COVID-19,NSW,2025,76796
2025-11-19,COVID-19,NSW,2025,77574
2025-11-26,COVID-19,NSW,2025,78412
2025-12-03,COVID-19,NSW,2025,79145
2025-12-10,COVID-19,NSW,2025,79892
2025-12-17,COVID-19,NSW,2025,80660
2025-12-24,COVID-19,NSW,2025,81480
2026-01-02,COVID-19,NSW,2026,0
2026-01-07,COVID-19,NSW,2026,386
2026-01-14,COVID-19,NSW,2026,953
2026-01-21,COVID-19,NSW,2026,1487
2026-01-28,COVID-19,NSW,2026,1898
2026-02-04,COVID-19,NSW,2026,2485
2026-02-11,COVID-19,NSW,2026,3134
2026-02-18,COVID-19,NSW,2026,3882
2026-02-25,COVID-19,NSW,2026,4819
2026-03-04,COVID-19,NSW,2026,5756
2026-03-11,COVID-19,NSW,2026,6723
2026-03-18,COVID-19,NSW,2026,7762
2026-03-25,COVID-19,NSW,2026,8724
2026-04-01,COVID-19,NSW,2026,9811
2026-04-08,COVID-19,NSW,2026,10652
2026-04-15,COVID-19,NSW,2026,11660
2026-04-22,COVID-19,NSW,2026,12563
2026-04-29,COVID-19,NSW,2026,13279
2026-05-06,COVID-19,NSW,2026,14187
2026-05-13,COVID-19,NSW,2026,15126
2026-05-20,COVID-19,NSW,2026,16216
2026-05-27,COVID-19,NSW,2026,17402
2026-06-03,COVID-19,NSW,2026,18432
2026-06-10,COVID-19,NSW,2026,19521
2026-06-17,COVID-19,NSW,2026,20722
2026-06-24,COVID-19,NSW,2026,21804
2026-07-01,COVID-19,NSW,2026,22663
2026-07-08,COVID-19,NSW,2026,23654
2026-07-15,COVID-19,NSW,2026,24957
2024-10-02,COVID-19,NT,2024,2276
2024-10-09,COVID-19,NT,2024,2294
2024-10-16,COVID-19,NT,2024,2317
2024-10-23,COVID-19,NT,2024,2319
2024-10-30,COVID-19,NT,2024,2343
2024-11-06,COVID-19,NT,2024,2386
2024-11-13,COVID-19,NT,2024,2444
2024-11-20,COVID-19,NT,2024,2478
2024-11-27,COVID-19,NT,2024,2506
2024-12-04,COVID-19,NT,2024,2566
2024-12-11,COVID-19,NT,2024,2627
2024-12-18,COVID-19,NT,2024,2694
2024-12-25,COVID-19,NT,2024,2766
2025-01-02,COVID-19,NT,2025,0
2025-01-08,COVID-19,NT,2025,58
2025-01-15,COVID-19,NT,2025,127
2025-01-22,COVID-19,NT,2025,189
2025-01-29,COVID-19,NT,2025,225
2025-02-05,COVID-19,NT,2025,292
2025-02-13,COVID-19,NT,2025,352
2025-02-19,COVID-19,NT,2025,366
2025-02-26,COVID-19,NT,2025,419
2025-03-05,COVID-19,NT,2025,452
2025-03-12,COVID-19,NT,2025,475
2025-03-19,COVID-19,NT,2025,490
2025-03-26,COVID-19,NT,2025,508
2025-04-02,COVID-19,NT,2025,514
2025-04-09,COVID-19,NT,2025,530
2025-04-16,COVID-19,NT,2025,545
2025-04-23,COVID-19,NT,2025,560
2025-04-30,COVID-19,NT,2025,581
2025-05-07,COVID-19,NT,2025,595
2025-05-14,COVID-19,NT,2025,614
2025-05-21,COVID-19,NT,2025,634
2025-05-28,COVID-19,NT,2025,646
2025-06-04,COVID-19,NT,2025,670
2025-06-11,COVID-19,NT,2025,699
2025-06-18,COVID-19,NT,2025,757
2025-06-25,COVID-19,NT,2025,790
2025-07-02,COVID-19,NT,2025,817
2025-07-09,COVID-19,NT,2025,826
2025-07-16,COVID-19,NT,2025,865
2025-07-23,COVID-19,NT,2025,895
2025-07-30,COVID-19,NT,2025,922
2025-08-06,COVID-19,NT,2025,948
2025-08-13,COVID-19,NT,2025,974
2025-08-20,COVID-19,NT,2025,1024
2025-08-27,COVID-19,NT,2025,1047
2025-09-03,COVID-19,NT,2025,1076
2025-09-10,COVID-19,NT,2025,1109
2025-09-17,COVID-19,NT,2025,1132
2025-09-24,COVID-19,NT,2025,1149
2025-10-01,COVID-19,NT,2025,1183
2025-10-08,COVID-19,NT,2025,1208
2025-10-15,COVID-19,NT,2025,1245
2025-10-22,COVID-19,NT,2025,1273
2025-10-29,COVID-19,NT,2025,1293
2025-11-05,COVID-19,NT,2025,1323
2025-11-12,COVID-19,NT,2025,1357
2025-11-19,COVID-19,NT,2025,1387
2025-11-26,COVID-19,NT,2025,1444
2025-12-03,COVID-19,NT,2025,1485
2025-12-10,COVID-19,NT,2025,1536
2025-12-17,COVID-19,NT,2025,1572
2025-12-24,COVID-19,NT,2025,1628
2026-01-02,COVID-19,NT,2026,0
2026-01-07,COVID-19,NT,2026,0
2026-01-14,COVID-19,NT,2026,23
2026-01-21,COVID-19,NT,2026,34
2026-01-28,COVID-19,NT,2026,42
2026-02-04,COVID-19,NT,2026,58
2026-02-11,COVID-19,NT,2026,66
2026-02-18,COVID-19,NT,2026,71
2026-02-25,COVID-19,NT,2026,81
2026-03-04,COVID-19,NT,2026,86
2026-03-11,COVID-19,NT,2026,96
2026-03-18,COVID-19,NT,2026,109
2026-03-25,COVID-19,NT,2026,119
2026-04-01,COVID-19,NT,2026,124
2026-04-08,COVID-19,NT,2026,130
2026-04-15,COVID-19,NT,2026,134
2026-04-22,COVID-19,NT,2026,141
2026-04-29,COVID-19,NT,2026,147
2026-05-06,COVID-19,NT,2026,156
2026-05-13,COVID-19,NT,2026,169
2026-05-20,COVID-19,NT,2026,179
2026-05-27,COVID-19,NT,2026,199
2026-06-03,COVID-19,NT,2026,208
2026-06-10,COVID-19,NT,2026,215
2026-06-17,COVID-19,NT,2026,228
2026-06-24,COVID-19,NT,2026,237
2026-07-01,COVID-19,NT,2026,240
2026-07-08,COVID-19,NT,2026,248
2026-07-15,COVID-19,NT,2026,252
2024-10-02,COVID-19,National,2024,274224
2024-10-09,COVID-19,National,2024,277436
2024-10-16,COVID-19,National,2024,281076
2024-10-23,COVID-19,National,2024,285111
2024-10-30,COVID-19,National,2024,288474
2024-11-06,COVID-19,National,2024,291839
2024-11-13,COVID-19,National,2024,295666
2024-11-20,COVID-19,National,2024,304790
2024-11-27,COVID-19,National,2024,310406
2024-12-04,COVID-19,National,2024,316200
2024-12-11,COVID-19,National,2024,322754
2024-12-18,COVID-19,National,2024,329406
2024-12-25,COVID-19,National,2024,336521
2025-01-02,COVID-19,National,2025,182
2025-01-08,COVID-19,National,2025,4656
2025-01-15,COVID-19,National,2025,10608
2025-01-22,COVID-19,National,2025,15317
2025-01-29,COVID-19,National,2025,18939
2025-02-05,COVID-19,National,2025,22595
2025-02-13,COVID-19,National,2025,26690
2025-02-19,COVID-19,National,2025,29060
2025-02-26,COVID-19,National,2025,33526
2025-03-05,COVID-19,National,2025,36828
2025-03-12,COVID-19,National,2025,39952
2025-03-19,COVID-19,National,2025,42811
2025-03-26,COVID-19,National,2025,45300
2025-04-02,COVID-19,National,2025,47643
2025-04-09,COVID-19,National,2025,50175
2025-04-16,COVID-19,National,2025,52350
2025-04-23,COVID-19,National,2025,53941
2025-04-30,COVID-19,National,2025,56354
2025-05-07,COVID-19,National,2025,58860
2025-05-14,COVID-19,National,2025,62015
2025-05-21,COVID-19,National,2025,66304
2025-05-28,COVID-19,National,2025,71764
2025-06-04,COVID-19,National,2025,77811
2025-06-11,COVID-19,National,2025,84864
2025-06-18,COVID-19,National,2025,92931
2025-06-25,COVID-19,National,2025,101409
2025-07-02,COVID-19,National,2025,108997
2025-07-09,COVID-19,National,2025,115117
2025-07-16,COVID-19,National,2025,121985
2025-07-23,COVID-19,National,2025,126053
2025-07-30,COVID-19,National,2025,131062
2025-08-06,COVID-19,National,2025,135585
2025-08-13,COVID-19,National,2025,139685
2025-08-20,COVID-19,National,2025,143648
2025-08-27,COVID-19,National,2025,147272
2025-09-03,COVID-19,National,2025,151287
2025-09-10,COVID-19,National,2025,154496
2025-09-17,COVID-19,National,2025,157493
2025-09-24,COVID-19,National,2025,159997
2025-10-01,COVID-19,National,2025,162101
2025-10-08,COVID-19,National,2025,163261
2025-10-15,COVID-19,National,2025,165184
2025-10-22,COVID-19,National,2025,166621
2025-10-29,COVID-19,National,2025,168196
2025-11-05,COVID-19,National,2025,169803
2025-11-12,COVID-19,National,2025,171669
2025-11-19,COVID-19,National,2025,173618
2025-11-26,COVID-19,National,2025,175568
2025-12-03,COVID-19,National,2025,177864
2025-12-10,COVID-19,National,2025,179745
2025-12-17,COVID-19,National,2025,181697
2025-12-24,COVID-19,National,2025,183707
2026-01-02,COVID-19,National,2026,12
2026-01-07,COVID-19,National,2026,937
2026-01-14,COVID-19,National,2026,2392
2026-01-21,COVID-19,National,2026,3681
2026-01-28,COVID-19,National,2026,4643
2026-02-04,COVID-19,National,2026,5953
2026-02-11,COVID-19,National,2026,7403
2026-02-18,COVID-19,National,2026,9184
2026-02-25,COVID-19,National,2026,11296
2026-03-04,COVID-19,National,2026,13527
2026-03-11,COVID-19,National,2026,15676
2026-03-18,COVID-19,National,2026,18007
2026-03-25,COVID-19,National,2026,20413
2026-04-01,COVID-19,National,2026,22745
2026-04-08,COVID-19,National,2026,24460
2026-04-15,COVID-19,National,2026,26480
2026-04-22,COVID-19,National,2026,28300
2026-04-29,COVID-19,National,2026,29805
2026-05-06,COVID-19,National,2026,31724
2026-05-13,COVID-19,National,2026,33537
2026-05-20,COVID-19,National,2026,35362
2026-05-27,COVID-19,National,2026,37641
2026-06-03,COVID-19,National,2026,39544
2026-06-10,COVID-19,National,2026,41587
2026-06-17,COVID-19,National,2026,43842
2026-06-24,COVID-19,National,2026,45987
2026-07-01,COVID-19,National,2026,47806
2026-07-08,COVID-19,National,2026,49920
2026-07-15,COVID-19,National,2026,52305
2024-10-02,COVID-19,QLD,2024,56391
2024-10-09,COVID-19,QLD,2024,56932
2024-10-16,COVID-19,QLD,2024,57637
2024-10-23,COVID-19,QLD,2024,58461
2024-10-30,COVID-19,QLD,2024,59280
2024-11-06,COVID-19,QLD,2024,60175
2024-11-13,COVID-19,QLD,2024,61125
2024-11-20,COVID-19,QLD,2024,62229
2024-11-27,COVID-19,QLD,2024,63423
2024-12-04,COVID-19,QLD,2024,64860
2024-12-11,COVID-19,QLD,2024,66970
2024-12-18,COVID-19,QLD,2024,69088
2024-12-25,COVID-19,QLD,2024,71193
2025-01-02,COVID-19,QLD,2025,126
2025-01-08,COVID-19,QLD,2025,1504
2025-01-15,COVID-19,QLD,2025,3124
2025-01-22,COVID-19,QLD,2025,4430
2025-01-29,COVID-19,QLD,2025,5444
2025-02-05,COVID-19,QLD,2025,6372
2025-02-13,COVID-19,QLD,2025,7444
2025-02-19,COVID-19,QLD,2025,8033
2025-02-26,COVID-19,QLD,2025,9176
2025-03-05,COVID-19,QLD,2025,9886
2025-03-12,COVID-19,QLD,2025,10350
2025-03-19,COVID-19,QLD,2025,10981
2025-03-26,COVID-19,QLD,2025,11456
2025-04-02,COVID-19,QLD,2025,12017
2025-04-09,COVID-19,QLD,2025,12529
2025-04-16,COVID-19,QLD,2025,12973
2025-04-23,COVID-19,QLD,2025,13289
2025-04-30,COVID-19,QLD,2025,13653
2025-05-07,COVID-19,QLD,2025,14048
2025-05-14,COVID-19,QLD,2025,14523
2025-05-21,COVID-19,QLD,2025,15118
2025-05-28,COVID-19,QLD,2025,15876
2025-06-04,COVID-19,QLD,2025,16885
2025-06-11,COVID-19,QLD,2025,17793
2025-06-18,COVID-19,QLD,2025,18930
2025-06-25,COVID-19,QLD,2025,20292
2025-07-02,COVID-19,QLD,2025,21536
2025-07-09,COVID-19,QLD,2025,22773
2025-07-16,COVID-19,QLD,2025,24063
2025-07-23,COVID-19,QLD,2025,25352
2025-07-30,COVID-19,QLD,2025,26478
2025-08-06,COVID-19,QLD,2025,27674
2025-08-13,COVID-19,QLD,2025,28821
2025-08-20,COVID-19,QLD,2025,29799
2025-08-27,COVID-19,QLD,2025,30840
2025-09-03,COVID-19,QLD,2025,31765
2025-09-10,COVID-19,QLD,2025,32531
2025-09-17,COVID-19,QLD,2025,33177
2025-09-24,COVID-19,QLD,2025,33655
2025-10-01,COVID-19,QLD,2025,34083
2025-10-08,COVID-19,QLD,2025,34365
2025-10-15,COVID-19,QLD,2025,34723
2025-10-22,COVID-19,QLD,2025,34969
2025-10-29,COVID-19,QLD,2025,35212
2025-11-05,COVID-19,QLD,2025,35487
2025-11-12,COVID-19,QLD,2025,35782
2025-11-19,COVID-19,QLD,2025,36094
2025-11-26,COVID-19,QLD,2025,36365
2025-12-03,COVID-19,QLD,2025,36656
2025-12-10,COVID-19,QLD,2025,36996
2025-12-17,COVID-19,QLD,2025,37383
2025-12-24,COVID-19,QLD,2025,37817
2026-01-02,COVID-19,QLD,2026,11
2026-01-07,COVID-19,QLD,2026,236
2026-01-14,COVID-19,QLD,2026,619
2026-01-21,COVID-19,QLD,2026,909
2026-01-28,COVID-19,QLD,2026,1212
2026-02-04,COVID-19,QLD,2026,1538
2026-02-11,COVID-19,QLD,2026,1918
2026-02-18,COVID-19,QLD,2026,2346
2026-02-25,COVID-19,QLD,2026,2887
2026-03-04,COVID-19,QLD,2026,3522
2026-03-11,COVID-19,QLD,2026,4152
2026-03-18,COVID-19,QLD,2026,4806
2026-03-25,COVID-19,QLD,2026,5534
2026-04-01,COVID-19,QLD,2026,6150
2026-04-08,COVID-19,QLD,2026,6576
2026-04-15,COVID-19,QLD,2026,7005
2026-04-22,COVID-19,QLD,2026,7363
2026-04-29,COVID-19,QLD,2026,7692
2026-05-06,COVID-19,QLD,2026,8006
2026-05-13,COVID-19,QLD,2026,8317
2026-05-20,COVID-19,QLD,2026,8574
2026-05-27,COVID-19,QLD,2026,8824
2026-06-03,COVID-19,QLD,2026,9078
2026-06-10,COVID-19,QLD,2026,9370
2026-06-17,COVID-19,QLD,2026,9637
2026-06-24,COVID-19,QLD,2026,9903
2026-07-01,COVID-19,QLD,2026,10145
2026-07-08,COVID-19,QLD,2026,10335
2026-07-15,COVID-19,QLD,2026,10588
2024-10-02,COVID-19,SA,2024,40228
2024-10-09,COVID-19,SA,2024,40382
2024-10-16,COVID-19,SA,2024,40591
2024-10-23,COVID-19,SA,2024,40817
2024-10-30,COVID-19,SA,2024,41088
2024-11-06,COVID-19,SA,2024,41383
2024-11-13,COVID-19,SA,2024,41655
2024-11-20,COVID-19,SA,2024,41979
2024-11-27,COVID-19,SA,2024,42352
2024-12-04,COVID-19,SA,2024,42624
2024-12-11,COVID-19,SA,2024,42868
2024-12-18,COVID-19,SA,2024,43230
2024-12-25,COVID-19,SA,2024,43654
2025-01-02,COVID-19,SA,2025,3
2025-01-08,COVID-19,SA,2025,309
2025-01-15,COVID-19,SA,2025,683
2025-01-22,COVID-19,SA,2025,964
2025-01-29,COVID-19,SA,2025,1162
2025-02-05,COVID-19,SA,2025,1341
2025-02-13,COVID-19,SA,2025,1578
2025-02-19,COVID-19,SA,2025,1739
2025-02-26,COVID-19,SA,2025,1945
2025-03-05,COVID-19,SA,2025,2131
2025-03-12,COVID-19,SA,2025,2372
2025-03-19,COVID-19,SA,2025,2480
2025-03-26,COVID-19,SA,2025,2658
2025-04-02,COVID-19,SA,2025,2805
2025-04-09,COVID-19,SA,2025,3017
2025-04-16,COVID-19,SA,2025,3234
2025-04-23,COVID-19,SA,2025,3395
2025-04-30,COVID-19,SA,2025,3558
2025-05-07,COVID-19,SA,2025,3736
2025-05-14,COVID-19,SA,2025,3941
2025-05-21,COVID-19,SA,2025,4221
2025-05-28,COVID-19,SA,2025,4622
2025-06-04,COVID-19,SA,2025,5091
2025-06-11,COVID-19,SA,2025,5517
2025-06-18,COVID-19,SA,2025,5994
2025-06-25,COVID-19,SA,2025,6456
2025-07-02,COVID-19,SA,2025,6872
2025-07-09,COVID-19,SA,2025,7219
2025-07-16,COVID-19,SA,2025,7571
2025-07-23,COVID-19,SA,2025,7826
2025-07-30,COVID-19,SA,2025,8061
2025-08-06,COVID-19,SA,2025,8306
2025-08-13,COVID-19,SA,2025,8558
2025-08-20,COVID-19,SA,2025,8781
2025-08-27,COVID-19,SA,2025,8974
2025-09-03,COVID-19,SA,2025,9217
2025-09-10,COVID-19,SA,2025,9404
2025-09-17,COVID-19,SA,2025,9577
2025-09-24,COVID-19,SA,2025,9749
2025-10-01,COVID-19,SA,2025,9916
2025-10-08,COVID-19,SA,2025,9989
2025-10-15,COVID-19,SA,2025,10088
2025-10-22,COVID-19,SA,2025,10184
2025-10-29,COVID-19,SA,2025,10278
2025-11-05,COVID-19,SA,2025,10394
2025-11-12,COVID-19,SA,2025,10487
2025-11-19,COVID-19,SA,2025,10646
2025-11-26,COVID-19,SA,2025,10791
2025-12-03,COVID-19,SA,2025,10941
2025-12-10,COVID-19,SA,2025,11039
2025-12-17,COVID-19,SA,2025,11180
2025-12-24,COVID-19,SA,2025,11319
2026-01-02,COVID-19,SA,2026,1
2026-01-07,COVID-19,SA,2026,31
2026-01-14,COVID-19,SA,2026,126
2026-01-21,COVID-19,SA,2026,200
2026-01-28,COVID-19,SA,2026,260
2026-02-04,COVID-19,SA,2026,367
2026-02-11,COVID-19,SA,2026,471
2026-02-18,COVID-19,SA,2026,636
2026-02-25,COVID-19,SA,2026,826
2026-03-04,COVID-19,SA,2026,1016
2026-03-11,COVID-19,SA,2026,1190
2026-03-18,COVID-19,SA,2026,1439
2026-03-25,COVID-19,SA,2026,1675
2026-04-01,COVID-19,SA,2026,1872
2026-04-08,COVID-19,SA,2026,2019
2026-04-15,COVID-19,SA,2026,2197
2026-04-22,COVID-19,SA,2026,2338
2026-04-29,COVID-19,SA,2026,2467
2026-05-06,COVID-19,SA,2026,2569
2026-05-13,COVID-19,SA,2026,2659
2026-05-20,COVID-19,SA,2026,2778
2026-05-27,COVID-19,SA,2026,2928
2026-06-03,COVID-19,SA,2026,3071
2026-06-10,COVID-19,SA,2026,3179
2026-06-17,COVID-19,SA,2026,3288
2026-06-24,COVID-19,SA,2026,3384
2026-07-01,COVID-19,SA,2026,3472
2026-07-08,COVID-19,SA,2026,3554
2026-07-15,COVID-19,SA,2026,3647
2024-10-02,COVID-19,TAS,2024,10897
2024-10-09,COVID-19,TAS,2024,10950
2024-10-16,COVID-19,TAS,2024,10997
2024-10-23,COVID-19,TAS,2024,11106
2024-10-30,COVID-19,TAS,2024,11183
2024-11-06,COVID-19,TAS,2024,11261
2024-11-13,COVID-19,TAS,2024,11378
2024-11-20,COVID-19,TAS,2024,11517
2024-11-27,COVID-19,TAS,2024,11700
2024-12-04,COVID-19,TAS,2024,11858
2024-12-11,COVID-19,TAS,2024,11985
2024-12-18,COVID-19,TAS,2024,12106
2024-12-25,COVID-19,TAS,2024,12230
2025-01-02,COVID-19,TAS,2025,0
2025-01-08,COVID-19,TAS,2025,47
2025-01-15,COVID-19,TAS,2025,107
2025-01-22,COVID-19,TAS,2025,174
2025-01-29,COVID-19,TAS,2025,228
2025-02-05,COVID-19,TAS,2025,299
2025-02-13,COVID-19,TAS,2025,367
2025-02-19,COVID-19,TAS,2025,416
2025-02-26,COVID-19,TAS,2025,465
2025-03-05,COVID-19,TAS,2025,509
2025-03-12,COVID-19,TAS,2025,529
2025-03-19,COVID-19,TAS,2025,570
2025-03-26,COVID-19,TAS,2025,594
2025-04-02,COVID-19,TAS,2025,627
2025-04-09,COVID-19,TAS,2025,667
2025-04-16,COVID-19,TAS,2025,703
2025-04-23,COVID-19,TAS,2025,710
2025-04-30,COVID-19,TAS,2025,767
2025-05-07,COVID-19,TAS,2025,812
2025-05-14,COVID-19,TAS,2025,840
2025-05-21,COVID-19,TAS,2025,881
2025-05-28,COVID-19,TAS,2025,927
2025-06-04,COVID-19,TAS,2025,990
2025-06-11,COVID-19,TAS,2025,1056
2025-06-18,COVID-19,TAS,2025,1208
2025-06-25,COVID-19,TAS,2025,1321
2025-07-02,COVID-19,TAS,2025,1415
2025-07-09,COVID-19,TAS,2025,1520
2025-07-16,COVID-19,TAS,2025,1640
2025-07-23,COVID-19,TAS,2025,1738
2025-07-30,COVID-19,TAS,2025,1839
2025-08-06,COVID-19,TAS,2025,1925
2025-08-13,COVID-19,TAS,2025,1996
2025-08-20,COVID-19,TAS,2025,2076
2025-08-27,COVID-19,TAS,2025,2150
2025-09-03,COVID-19,TAS,2025,2206
2025-09-10,COVID-19,TAS,2025,2324
2025-09-17,COVID-19,TAS,2025,2371
2025-09-24,COVID-19,TAS,2025,2404
2025-10-01,COVID-19,TAS,2025,2447
2025-10-08,COVID-19,TAS,2025,2487
2025-10-15,COVID-19,TAS,2025,2538
2025-10-22,COVID-19,TAS,2025,2564
2025-10-29,COVID-19,TAS,2025,2597
2025-11-05,COVID-19,TAS,2025,2636
2025-11-12,COVID-19,TAS,2025,2685
2025-11-19,COVID-19,TAS,2025,2726
2025-11-26,COVID-19,TAS,2025,2756
2025-12-03,COVID-19,TAS,2025,2795
2025-12-10,COVID-19,TAS,2025,2844
2025-12-17,COVID-19,TAS,2025,2892
2025-12-24,COVID-19,TAS,2025,2931
2026-01-02,COVID-19,TAS,2026,0
2026-01-07,COVID-19,TAS,2026,2
2026-01-14,COVID-19,TAS,2026,25
2026-01-21,COVID-19,TAS,2026,58
2026-01-28,COVID-19,TAS,2026,65
2026-02-04,COVID-19,TAS,2026,88
2026-02-11,COVID-19,TAS,2026,95
2026-02-18,COVID-19,TAS,2026,131
2026-02-25,COVID-19,TAS,2026,155
2026-03-04,COVID-19,TAS,2026,171
2026-03-11,COVID-19,TAS,2026,178
2026-03-18,COVID-19,TAS,2026,200
2026-03-25,COVID-19,TAS,2026,230
2026-04-01,COVID-19,TAS,2026,252
2026-04-08,COVID-19,TAS,2026,270
2026-04-15,COVID-19,TAS,2026,293
2026-04-22,COVID-19,TAS,2026,324
2026-04-29,COVID-19,TAS,2026,347
2026-05-06,COVID-19,TAS,2026,375
2026-05-13,COVID-19,TAS,2026,391
2026-05-20,COVID-19,TAS,2026,413
2026-05-27,COVID-19,TAS,2026,432
2026-06-03,COVID-19,TAS,2026,467
2026-06-10,COVID-19,TAS,2026,503
2026-06-17,COVID-19,TAS,2026,576
2026-06-24,COVID-19,TAS,2026,615
2026-07-01,COVID-19,TAS,2026,657
2026-07-08,COVID-19,TAS,2026,712
2026-07-15,COVID-19,TAS,2026,767
2024-10-02,COVID-19,VIC,2024,39182
2024-10-09,COVID-19,VIC,2024,40002
2024-10-16,COVID-19,VIC,2024,40832
2024-10-23,COVID-19,VIC,2024,42012
2024-10-30,COVID-19,VIC,2024,42227
2024-11-06,COVID-19,VIC,2024,42227
2024-11-13,COVID-19,VIC,2024,42227
2024-11-20,COVID-19,VIC,2024,47441
2024-11-27,COVID-19,VIC,2024,48807
2024-12-04,COVID-19,VIC,2024,50205
2024-12-11,COVID-19,VIC,2024,51371
2024-12-18,COVID-19,VIC,2024,52303
2024-12-25,COVID-19,VIC,2024,53767
2025-01-02,COVID-19,VIC,2025,0
2025-01-08,COVID-19,VIC,2025,782
2025-01-15,COVID-19,VIC,2025,1911
2025-01-22,COVID-19,VIC,2025,2690
2025-01-29,COVID-19,VIC,2025,3269
2025-02-05,COVID-19,VIC,2025,3883
2025-02-13,COVID-19,VIC,2025,4482
2025-02-19,COVID-19,VIC,2025,4802
2025-02-26,COVID-19,VIC,2025,5478
2025-03-05,COVID-19,VIC,2025,6047
2025-03-12,COVID-19,VIC,2025,6434
2025-03-19,COVID-19,VIC,2025,6835
2025-03-26,COVID-19,VIC,2025,7210
2025-04-02,COVID-19,VIC,2025,7579
2025-04-09,COVID-19,VIC,2025,7998
2025-04-16,COVID-19,VIC,2025,8185
2025-04-23,COVID-19,VIC,2025,8391
2025-04-30,COVID-19,VIC,2025,8990
2025-05-07,COVID-19,VIC,2025,9387
2025-05-14,COVID-19,VIC,2025,9974
2025-05-21,COVID-19,VIC,2025,10721
2025-05-28,COVID-19,VIC,2025,11970
2025-06-04,COVID-19,VIC,2025,13440
2025-06-11,COVID-19,VIC,2025,14961
2025-06-18,COVID-19,VIC,2025,16457
2025-06-25,COVID-19,VIC,2025,18046
2025-07-02,COVID-19,VIC,2025,19541
2025-07-09,COVID-19,VIC,2025,20205
2025-07-16,COVID-19,VIC,2025,21635
2025-07-23,COVID-19,VIC,2025,21343
2025-07-30,COVID-19,VIC,2025,22185
2025-08-06,COVID-19,VIC,2025,22918
2025-08-13,COVID-19,VIC,2025,23736
2025-08-20,COVID-19,VIC,2025,24518
2025-08-27,COVID-19,VIC,2025,25296
2025-09-03,COVID-19,VIC,2025,26041
2025-09-10,COVID-19,VIC,2025,26719
2025-09-17,COVID-19,VIC,2025,27297
2025-09-24,COVID-19,VIC,2025,27712
2025-10-01,COVID-19,VIC,2025,28125
2025-10-08,COVID-19,VIC,2025,28534
2025-10-15,COVID-19,VIC,2025,28958
2025-10-22,COVID-19,VIC,2025,29337
2025-10-29,COVID-19,VIC,2025,29736
2025-11-05,COVID-19,VIC,2025,30134
2025-11-12,COVID-19,VIC,2025,30651
2025-11-19,COVID-19,VIC,2025,31125
2025-11-26,COVID-19,VIC,2025,31626
2025-12-03,COVID-19,VIC,2025,32096
2025-12-10,COVID-19,VIC,2025,32617
2025-12-17,COVID-19,VIC,2025,33097
2025-12-24,COVID-19,VIC,2025,33604
2026-01-02,COVID-19,VIC,2026,0
2026-01-07,COVID-19,VIC,2026,268
2026-01-14,COVID-19,VIC,2026,603
2026-01-21,COVID-19,VIC,2026,827
2026-01-28,COVID-19,VIC,2026,988
2026-02-04,COVID-19,VIC,2026,1170
2026-02-11,COVID-19,VIC,2026,1439
2026-02-18,COVID-19,VIC,2026,1674
2026-02-25,COVID-19,VIC,2026,1971
2026-03-04,COVID-19,VIC,2026,2333
2026-03-11,COVID-19,VIC,2026,2613
2026-03-18,COVID-19,VIC,2026,2951
2026-03-25,COVID-19,VIC,2026,3238
2026-04-01,COVID-19,VIC,2026,3541
2026-04-08,COVID-19,VIC,2026,3752
2026-04-15,COVID-19,VIC,2026,4053
2026-04-22,COVID-19,VIC,2026,4359
2026-04-29,COVID-19,VIC,2026,4653
2026-05-06,COVID-19,VIC,2026,4985
2026-05-13,COVID-19,VIC,2026,5290
2026-05-20,COVID-19,VIC,2026,5596
2026-05-27,COVID-19,VIC,2026,5979
2026-06-03,COVID-19,VIC,2026,6370
2026-06-10,COVID-19,VIC,2026,6720
2026-06-17,COVID-19,VIC,2026,7132
2026-06-24,COVID-19,VIC,2026,7492
2026-07-01,COVID-19,VIC,2026,7879
2026-07-08,COVID-19,VIC,2026,8192
2026-07-15,COVID-19,VIC,2026,8565
2024-10-02,COVID-19,WA,2024,12411
2024-10-09,COVID-19,WA,2024,12563
2024-10-16,COVID-19,WA,2024,12740
2024-10-23,COVID-19,WA,2024,12892
2024-10-30,COVID-19,WA,2024,13237
2024-11-06,COVID-19,WA,2024,13445
2024-11-13,COVID-19,WA,2024,13755
2024-11-20,COVID-19,WA,2024,14062
2024-11-27,COVID-19,WA,2024,14362
2024-12-04,COVID-19,WA,2024,14637
2024-12-11,COVID-19,WA,2024,15098
2024-12-18,COVID-19,WA,2024,15464
2024-12-25,COVID-19,WA,2024,15805
2025-01-02,COVID-19,WA,2025,0
2025-01-08,COVID-19,WA,2025,141
2025-01-15,COVID-19,WA,2025,526
2025-01-22,COVID-19,WA,2025,781
2025-01-29,COVID-19,WA,2025,1081
2025-02-05,COVID-19,WA,2025,1352
2025-02-13,COVID-19,WA,2025,1613
2025-02-19,COVID-19,WA,2025,1844
2025-02-26,COVID-19,WA,2025,2095
2025-03-05,COVID-19,WA,2025,2095
2025-03-12,COVID-19,WA,2025,2478
2025-03-19,COVID-19,WA,2025,2650
2025-03-26,COVID-19,WA,2025,2777
2025-04-02,COVID-19,WA,2025,2890
2025-04-09,COVID-19,WA,2025,3042
2025-04-16,COVID-19,WA,2025,3166
2025-04-23,COVID-19,WA,2025,3258
2025-04-30,COVID-19,WA,2025,3362
2025-05-07,COVID-19,WA,2025,3491
2025-05-14,COVID-19,WA,2025,3668
2025-05-21,COVID-19,WA,2025,4083
2025-05-28,COVID-19,WA,2025,4420
2025-06-04,COVID-19,WA,2025,4420
2025-06-11,COVID-19,WA,2025,5469
2025-06-18,COVID-19,WA,2025,5993
2025-06-25,COVID-19,WA,2025,6610
2025-07-02,COVID-19,WA,2025,7178
2025-07-09,COVID-19,WA,2025,7679
2025-07-16,COVID-19,WA,2025,8584
2025-07-23,COVID-19,WA,2025,8920
2025-07-30,COVID-19,WA,2025,9289
2025-08-06,COVID-19,WA,2025,9586
2025-08-13,COVID-19,WA,2025,9767
2025-08-20,COVID-19,WA,2025,10029
2025-08-27,COVID-19,WA,2025,10029
2025-09-03,COVID-19,WA,2025,10521
2025-09-10,COVID-19,WA,2025,10521
2025-09-17,COVID-19,WA,2025,10874
2025-09-24,COVID-19,WA,2025,11019
2025-10-01,COVID-19,WA,2025,11019
2025-10-08,COVID-19,WA,2025,10616
2025-10-15,COVID-19,WA,2025,10797
2025-10-22,COVID-19,WA,2025,10797
2025-10-29,COVID-19,WA,2025,10958
2025-11-05,COVID-19,WA,2025,11039
2025-11-12,COVID-19,WA,2025,11146
2025-11-19,COVID-19,WA,2025,11242
2025-11-26,COVID-19,WA,2025,11306
2025-12-03,COVID-19,WA,2025,11845
2025-12-10,COVID-19,WA,2025,11906
2025-12-17,COVID-19,WA,2025,11961
2025-12-24,COVID-19,WA,2025,11961
2026-01-02,COVID-19,WA,2026,0
2026-01-07,COVID-19,WA,2026,0
2026-01-14,COVID-19,WA,2026,15
2026-01-21,COVID-19,WA,2026,127
2026-01-28,COVID-19,WA,2026,127
2026-02-04,COVID-19,WA,2026,178
2026-02-11,COVID-19,WA,2026,178
2026-02-18,COVID-19,WA,2026,322
2026-02-25,COVID-19,WA,2026,418
2026-03-04,COVID-19,WA,2026,487
2026-03-11,COVID-19,WA,2026,558
2026-03-18,COVID-19,WA,2026,558
2026-03-25,COVID-19,WA,2026,687
2026-04-01,COVID-19,WA,2026,773
2026-04-08,COVID-19,WA,2026,824
2026-04-15,COVID-19,WA,2026,879
2026-04-22,COVID-19,WA,2026,924
2026-04-29,COVID-19,WA,2026,924
2026-05-06,COVID-19,WA,2026,1120
2026-05-13,COVID-19,WA,2026,1232
2026-05-20,COVID-19,WA,2026,1232
2026-05-27,COVID-19,WA,2026,1466
2026-06-03,COVID-19,WA,2026,1466
2026-06-10,COVID-19,WA,2026,1575
2026-06-17,COVID-19,WA,2026,1686
2026-06-24,COVID-19,WA,2026,1933
2026-07-01,COVID-19,WA,2026,2070
2026-07-08,COVID-19,WA,2026,2508
2026-07-15,COVID-19,WA,2026,2762
2024-09-17,Influenza,ACT,2024,4379
2024-09-24,Influenza,ACT,2024,4488
2024-10-02,Influenza,ACT,2024,4570
2024-10-09,Influenza,ACT,2024,4614
2024-10-16,Influenza,ACT,2024,4647
2024-10-23,Influenza,ACT,2024,4661
2024-10-30,Influenza,ACT,2024,4681
2024-11-06,Influenza,ACT,2024,4712
2024-11-13,Influenza,ACT,2024,4734
2024-11-20,Influenza,ACT,2024,4744
2024-11-27,Influenza,ACT,2024,4751
2024-12-04,Influenza,ACT,2024,4762
2024-12-11,Influenza,ACT,2024,4769
2024-12-18,Influenza,ACT,2024,4780
2024-12-25,Influenza,ACT,2024,4795
2025-01-01,Influenza,ACT,2025,0
2025-01-02,Influenza,ACT,2025,0
2025-01-08,Influenza,ACT,2025,38
2025-01-15,Influenza,ACT,2025,87
2025-01-22,Influenza,ACT,2025,121
2025-01-29,Influenza,ACT,2025,155
2025-02-05,Influenza,ACT,2025,189
2025-02-12,Influenza,ACT,2025,246
2025-02-13,Influenza,ACT,2025,246
2025-02-19,Influenza,ACT,2025,277
2025-02-26,Influenza,ACT,2025,337
2025-03-05,Influenza,ACT,2025,401
2025-03-12,Influenza,ACT,2025,451
2025-03-19,Influenza,ACT,2025,509
2025-03-26,Influenza,ACT,2025,557
2025-04-02,Influenza,ACT,2025,588
2025-04-09,Influenza,ACT,2025,619
2025-04-16,Influenza,ACT,2025,676
2025-04-23,Influenza,ACT,2025,722
2025-04-30,Influenza,ACT,2025,771
2025-05-07,Influenza,ACT,2025,826
2025-05-14,Influenza,ACT,2025,934
2025-05-21,Influenza,ACT,2025,1094
2025-05-28,Influenza,ACT,2025,1268
2025-06-04,Influenza,ACT,2025,1452
2025-06-11,Influenza,ACT,2025,1665
2025-06-18,Influenza,ACT,2025,2024
2025-06-25,Influenza,ACT,2025,2407
2025-07-02,Influenza,ACT,2025,2959
2025-07-09,Influenza,ACT,2025,3582
2025-07-16,Influenza,ACT,2025,4036
2025-07-23,Influenza,ACT,2025,4415
2025-07-30,Influenza,ACT,2025,4795
2025-08-06,Influenza,ACT,2025,5230
2025-08-13,Influenza,ACT,2025,5660
2025-08-20,Influenza,ACT,2025,6045
2025-08-27,Influenza,ACT,2025,6384
2025-09-03,Influenza,ACT,2025,6611
2025-09-10,Influenza,ACT,2025,6792
2025-09-17,Influenza,ACT,2025,6983
2025-09-24,Influenza,ACT,2025,7207
2025-10-01,Influenza,ACT,2025,7383
2025-10-08,Influenza,ACT,2025,7456
2025-10-15,Influenza,ACT,2025,7568
2025-10-22,Influenza,ACT,2025,7654
2025-10-29,Influenza,ACT,2025,7783
2025-11-05,Influenza,ACT,2025,7870
2025-11-12,Influenza,ACT,2025,7930
2025-11-19,Influenza,ACT,2025,8036
2025-11-26,Influenza,ACT,2025,8175
2025-12-03,Influenza,ACT,2025,8292
2025-12-10,Influenza,ACT,2025,8404
2025-12-17,Influenza,ACT,2025,8597
2025-12-24,Influenza,ACT,2025,8815
2025-12-31,Influenza,ACT,2025,8934
2026-01-01,Influenza,ACT,2026,0
2026-01-02,Influenza,ACT,2026,0
2026-01-07,Influenza,ACT,2026,63
2026-01-14,Influenza,ACT,2026,121
2026-01-21,Influenza,ACT,2026,147
2026-01-28,Influenza,ACT,2026,168
2026-02-04,Influenza,ACT,2026,193
2026-02-11,Influenza,ACT,2026,208
2026-02-18,Influenza,ACT,2026,219
2026-02-25,Influenza,ACT,2026,234
2026-03-04,Influenza,ACT,2026,248
2026-03-11,Influenza,ACT,2026,256
2026-03-18,Influenza,ACT,2026,270
2026-03-25,Influenza,ACT,2026,274
2026-04-01,Influenza,ACT,2026,283
2026-04-08,Influenza,ACT,2026,296
2026-04-15,Influenza,ACT,2026,306
2026-04-22,Influenza,ACT,2026,311
2026-04-29,Influenza,ACT,2026,314
2026-05-06,Influenza,ACT,2026,322
2026-05-13,Influenza,ACT,2026,327
2026-05-20,Influenza,ACT,2026,334
2026-05-27,Influenza,ACT,2026,339
2026-06-03,Influenza,ACT,2026,340
2026-06-10,Influenza,ACT,2026,344
2026-06-17,Influenza,ACT,2026,352
2026-06-24,Influenza,ACT,2026,361
2026-07-01,Influenza,ACT,2026,373
2026-07-08,Influenza,ACT,2026,392
2026-07-15,Influenza,ACT,2026,428
2024-09-17,Influenza,NSW,2024,153499
2024-09-24,Influenza,NSW,2024,154341
2024-10-02,Influenza,NSW,2024,155425
2024-10-09,Influenza,NSW,2024,155980
2024-10-16,Influenza,NSW,2024,156464
2024-10-23,Influenza,NSW,2024,156852
2024-10-30,Influenza,NSW,2024,157246
2024-11-06,Influenza,NSW,2024,157681
2024-11-13,Influenza,NSW,2024,158172
2024-11-20,Influenza,NSW,2024,158595
2024-11-27,Influenza,NSW,2024,159048
2024-12-04,Influenza,NSW,2024,159493
2024-12-11,Influenza,NSW,2024,159928
2024-12-18,Influenza,NSW,2024,160396
2024-12-25,Influenza,NSW,2024,160888
2025-01-02,Influenza,NSW,2025,19
2025-01-08,Influenza,NSW,2025,741
2025-01-15,Influenza,NSW,2025,2135
2025-01-22,Influenza,NSW,2025,3416
2025-01-29,Influenza,NSW,2025,4519
2025-02-05,Influenza,NSW,2025,5827
2025-02-13,Influenza,NSW,2025,7434
2025-02-19,Influenza,NSW,2025,8265
2025-02-26,Influenza,NSW,2025,9900
2025-03-05,Influenza,NSW,2025,11417
2025-03-12,Influenza,NSW,2025,13005
2025-03-19,Influenza,NSW,2025,14951
2025-03-26,Influenza,NSW,2025,16875
2025-04-02,Influenza,NSW,2025,18772
2025-04-09,Influenza,NSW,2025,20975
2025-04-16,Influenza,NSW,2025,23207
2025-04-23,Influenza,NSW,2025,24789
2025-04-30,Influenza,NSW,2025,26409
2025-05-07,Influenza,NSW,2025,27935
2025-05-14,Influenza,NSW,2025,29486
2025-05-21,Influenza,NSW,2025,29486
2025-05-28,Influenza,NSW,2025,34003
2025-06-04,Influenza,NSW,2025,37009
2025-06-11,Influenza,NSW,2025,39993
2025-06-18,Influenza,NSW,2025,44441
2025-06-25,Influenza,NSW,2025,50135
2025-07-02,Influenza,NSW,2025,57521
2025-07-09,Influenza,NSW,2025,66137
2025-07-16,Influenza,NSW,2025,74660
2025-07-23,Influenza,NSW,2025,82963
2025-07-30,Influenza,NSW,2025,91395
2025-08-06,Influenza,NSW,2025,99498
2025-08-13,Influenza,NSW,2025,107401
2025-08-20,Influenza,NSW,2025,114617
2025-08-27,Influenza,NSW,2025,121521
2025-09-03,Influenza,NSW,2025,128128
2025-09-10,Influenza,NSW,2025,134156
2025-09-17,Influenza,NSW,2025,138914
2025-09-24,Influenza,NSW,2025,142981
2025-10-01,Influenza,NSW,2025,146579
2025-10-08,Influenza,NSW,2025,149274
2025-10-15,Influenza,NSW,2025,151737
2025-10-22,Influenza,NSW,2025,154029
2025-10-29,Influenza,NSW,2025,156145
2025-11-05,Influenza,NSW,2025,158737
2025-11-12,Influenza,NSW,2025,161794
2025-11-19,Influenza,NSW,2025,165137
2025-11-26,Influenza,NSW,2025,168759
2025-12-03,Influenza,NSW,2025,172478
2025-12-10,Influenza,NSW,2025,176888
2025-12-17,Influenza,NSW,2025,181245
2025-12-24,Influenza,NSW,2025,184904
2026-01-02,Influenza,NSW,2026,0
2026-01-07,Influenza,NSW,2026,864
2026-01-14,Influenza,NSW,2026,2086
2026-01-21,Influenza,NSW,2026,3059
2026-01-28,Influenza,NSW,2026,3608
2026-02-04,Influenza,NSW,2026,4251
2026-02-11,Influenza,NSW,2026,4883
2026-02-18,Influenza,NSW,2026,5493
2026-02-25,Influenza,NSW,2026,6044
2026-03-04,Influenza,NSW,2026,6559
2026-03-11,Influenza,NSW,2026,7133
2026-03-18,Influenza,NSW,2026,7686
2026-03-25,Influenza,NSW,2026,8164
2026-04-01,Influenza,NSW,2026,8678
2026-04-08,Influenza,NSW,2026,9009
2026-04-15,Influenza,NSW,2026,9418
2026-04-22,Influenza,NSW,2026,9791
2026-04-29,Influenza,NSW,2026,10070
2026-05-06,Influenza,NSW,2026,10449
2026-05-13,Influenza,NSW,2026,10818
2026-05-20,Influenza,NSW,2026,11246
2026-05-27,Influenza,NSW,2026,11661
2026-06-03,Influenza,NSW,2026,12282
2026-06-10,Influenza,NSW,2026,13196
2026-06-17,Influenza,NSW,2026,14416
2026-06-24,Influenza,NSW,2026,16107
2026-07-01,Influenza,NSW,2026,18143
2026-07-08,Influenza,NSW,2026,21352
2026-07-15,Influenza,NSW,2026,25021
2024-09-17,Influenza,NT,2024,3010
2024-09-24,Influenza,NT,2024,3074
2024-10-02,Influenza,NT,2024,3138
2024-10-09,Influenza,NT,2024,3174
2024-10-16,Influenza,NT,2024,3205
2024-10-23,Influenza,NT,2024,3207
2024-10-30,Influenza,NT,2024,3223
2024-11-06,Influenza,NT,2024,3237
2024-11-13,Influenza,NT,2024,3247
2024-11-20,Influenza,NT,2024,3250
2024-11-27,Influenza,NT,2024,3252
2024-12-04,Influenza,NT,2024,3256
2024-12-11,Influenza,NT,2024,3267
2024-12-18,Influenza,NT,2024,3288
2024-12-25,Influenza,NT,2024,3295
2025-01-02,Influenza,NT,2025,0
2025-01-08,Influenza,NT,2025,15
2025-01-15,Influenza,NT,2025,42
2025-01-22,Influenza,NT,2025,80
2025-01-29,Influenza,NT,2025,121
2025-02-05,Influenza,NT,2025,185
2025-02-13,Influenza,NT,2025,252
2025-02-19,Influenza,NT,2025,288
2025-02-26,Influenza,NT,2025,392
2025-03-05,Influenza,NT,2025,482
2025-03-12,Influenza,NT,2025,581
2025-03-19,Influenza,NT,2025,616
2025-03-26,Influenza,NT,2025,755
2025-04-02,Influenza,NT,2025,846
2025-04-09,Influenza,NT,2025,968
2025-04-16,Influenza,NT,2025,1077
2025-04-23,Influenza,NT,2025,1186
2025-04-30,Influenza,NT,2025,1351
2025-05-07,Influenza,NT,2025,1396
2025-05-14,Influenza,NT,2025,1483
2025-05-21,Influenza,NT,2025,1483
2025-05-28,Influenza,NT,2025,1600
2025-06-04,Influenza,NT,2025,1639
2025-06-11,Influenza,NT,2025,1696
2025-06-18,Influenza,NT,2025,1801
2025-06-25,Influenza,NT,2025,1859
2025-07-02,Influenza,NT,2025,1925
2025-07-09,Influenza,NT,2025,1947
2025-07-16,Influenza,NT,2025,2245
2025-07-23,Influenza,NT,2025,2438
2025-07-30,Influenza,NT,2025,2634
2025-08-06,Influenza,NT,2025,2792
2025-08-13,Influenza,NT,2025,2957
2025-08-20,Influenza,NT,2025,3066
2025-08-27,Influenza,NT,2025,3172
2025-09-03,Influenza,NT,2025,3312
2025-09-10,Influenza,NT,2025,3427
2025-09-17,Influenza,NT,2025,3552
2025-09-24,Influenza,NT,2025,3653
2025-10-01,Influenza,NT,2025,3758
2025-10-08,Influenza,NT,2025,3821
2025-10-15,Influenza,NT,2025,3906
2025-10-22,Influenza,NT,2025,3968
2025-10-29,Influenza,NT,2025,4041
2025-11-05,Influenza,NT,2025,4119
2025-11-12,Influenza,NT,2025,4238
2025-11-19,Influenza,NT,2025,4313
2025-11-26,Influenza,NT,2025,4507
2025-12-03,Influenza,NT,2025,4702
2025-12-10,Influenza,NT,2025,4855
2025-12-17,Influenza,NT,2025,4985
2025-12-24,Influenza,NT,2025,5170
2026-01-02,Influenza,NT,2026,0
2026-01-07,Influenza,NT,2026,0
2026-01-14,Influenza,NT,2026,126
2026-01-21,Influenza,NT,2026,193
2026-01-28,Influenza,NT,2026,261
2026-02-04,Influenza,NT,2026,323
2026-02-11,Influenza,NT,2026,353
2026-02-18,Influenza,NT,2026,393
2026-02-25,Influenza,NT,2026,416
2026-03-04,Influenza,NT,2026,441
2026-03-11,Influenza,NT,2026,462
2026-03-18,Influenza,NT,2026,471
2026-03-25,Influenza,NT,2026,478
2026-04-01,Influenza,NT,2026,491
2026-04-08,Influenza,NT,2026,504
2026-04-15,Influenza,NT,2026,522
2026-04-22,Influenza,NT,2026,536
2026-04-29,Influenza,NT,2026,555
2026-05-06,Influenza,NT,2026,579
2026-05-13,Influenza,NT,2026,600
2026-05-20,Influenza,NT,2026,621
2026-05-27,Influenza,NT,2026,634
2026-06-03,Influenza,NT,2026,637
2026-06-10,Influenza,NT,2026,642
2026-06-17,Influenza,NT,2026,647
2026-06-24,Influenza,NT,2026,656
2026-07-01,Influenza,NT,2026,661
2026-07-08,Influenza,NT,2026,668
2026-07-15,Influenza,NT,2026,677
2024-09-17,Influenza,National,2024,337334
2024-09-24,Influenza,National,2024,341292
2024-10-02,Influenza,National,2024,344942
2024-10-09,Influenza,National,2024,347087
2024-10-16,Influenza,National,2024,348739
2024-10-23,Influenza,National,2024,350264
2024-10-30,Influenza,National,2024,351641
2024-11-06,Influenza,National,2024,352920
2024-11-13,Influenza,National,2024,354383
2024-11-20,Influenza,National,2024,355815
2024-11-27,Influenza,National,2024,357293
2024-12-04,Influenza,National,2024,358785
2024-12-11,Influenza,National,2024,360336
2024-12-18,Influenza,National,2024,361846
2024-12-25,Influenza,National,2024,363418
2025-01-02,Influenza,National,2025,19
2025-01-08,Influenza,National,2025,1477
2025-01-15,Influenza,National,2025,5453
2025-01-22,Influenza,National,2025,8683
2025-01-29,Influenza,National,2025,11611
2025-02-05,Influenza,National,2025,14898
2025-02-13,Influenza,National,2025,18930
2025-02-19,Influenza,National,2025,21197
2025-02-26,Influenza,National,2025,25799
2025-03-05,Influenza,National,2025,29949
2025-03-12,Influenza,National,2025,33806
2025-03-19,Influenza,National,2025,38577
2025-03-26,Influenza,National,2025,43248
2025-04-02,Influenza,National,2025,48286
2025-04-09,Influenza,National,2025,54278
2025-04-16,Influenza,National,2025,59848
2025-04-23,Influenza,National,2025,63523
2025-04-30,Influenza,National,2025,68553
2025-05-07,Influenza,National,2025,72360
2025-05-14,Influenza,National,2025,76702
2025-05-21,Influenza,National,2025,76702
2025-05-28,Influenza,National,2025,89165
2025-06-04,Influenza,National,2025,98155
2025-06-11,Influenza,National,2025,107204
2025-06-18,Influenza,National,2025,119444
2025-06-25,Influenza,National,2025,134787
2025-07-02,Influenza,National,2025,153961
2025-07-09,Influenza,National,2025,172421
2025-07-16,Influenza,National,2025,195878
2025-07-23,Influenza,National,2025,216697
2025-07-30,Influenza,National,2025,236059
2025-08-06,Influenza,National,2025,255744
2025-08-13,Influenza,National,2025,275944
2025-08-20,Influenza,National,2025,295289
2025-08-27,Influenza,National,2025,314157
2025-09-03,Influenza,National,2025,331804
2025-09-10,Influenza,National,2025,350190
2025-09-17,Influenza,National,2025,365494
2025-09-24,Influenza,National,2025,378982
2025-10-01,Influenza,National,2025,390214
2025-10-08,Influenza,National,2025,398740
2025-10-15,Influenza,National,2025,406218
2025-10-22,Influenza,National,2025,413804
2025-10-29,Influenza,National,2025,420905
2025-11-05,Influenza,National,2025,428047
2025-11-12,Influenza,National,2025,436382
2025-11-19,Influenza,National,2025,445292
2025-11-26,Influenza,National,2025,454450
2025-12-03,Influenza,National,2025,464077
2025-12-10,Influenza,National,2025,474566
2025-12-17,Influenza,National,2025,485242
2025-12-24,Influenza,National,2025,495414
2026-01-02,Influenza,National,2026,46
2026-01-07,Influenza,National,2026,1806
2026-01-14,Influenza,National,2026,6572
2026-01-21,Influenza,National,2026,9389
2026-01-28,Influenza,National,2026,11280
2026-02-04,Influenza,National,2026,13175
2026-02-11,Influenza,National,2026,14922
2026-02-18,Influenza,National,2026,16408
2026-02-25,Influenza,National,2026,18042
2026-03-04,Influenza,National,2026,19560
2026-03-11,Influenza,National,2026,21037
2026-03-18,Influenza,National,2026,22540
2026-03-25,Influenza,National,2026,23902
2026-04-01,Influenza,National,2026,25160
2026-04-08,Influenza,National,2026,26028
2026-04-15,Influenza,National,2026,27128
2026-04-22,Influenza,National,2026,28036
2026-04-29,Influenza,National,2026,28805
2026-05-06,Influenza,National,2026,29615
2026-05-13,Influenza,National,2026,30398
2026-05-20,Influenza,National,2026,31318
2026-05-27,Influenza,National,2026,32192
2026-06-03,Influenza,National,2026,33316
2026-06-10,Influenza,National,2026,34779
2026-06-17,Influenza,National,2026,36619
2026-06-24,Influenza,National,2026,39054
2026-07-01,Influenza,National,2026,42046
2026-07-08,Influenza,National,2026,46263
2026-07-15,Influenza,National,2026,51337
2024-09-17,Influenza,QLD,2024,74668
2024-09-24,Influenza,QLD,2024,75545
2024-10-02,Influenza,QLD,2024,76174
2024-10-09,Influenza,QLD,2024,76523
2024-10-16,Influenza,QLD,2024,76765
2024-10-23,Influenza,QLD,2024,77053
2024-10-30,Influenza,QLD,2024,77358
2024-11-06,Influenza,QLD,2024,77514
2024-11-13,Influenza,QLD,2024,77752
2024-11-20,Influenza,QLD,2024,77958
2024-11-27,Influenza,QLD,2024,78206
2024-12-04,Influenza,QLD,2024,78368
2024-12-11,Influenza,QLD,2024,78708
2024-12-18,Influenza,QLD,2024,79046
2024-12-25,Influenza,QLD,2024,79197
2025-01-02,Influenza,QLD,2025,0
2025-01-08,Influenza,QLD,2025,158
2025-01-15,Influenza,QLD,2025,1082
2025-01-22,Influenza,QLD,2025,1758
2025-01-29,Influenza,QLD,2025,2352
2025-02-05,Influenza,QLD,2025,2991
2025-02-13,Influenza,QLD,2025,3853
2025-02-19,Influenza,QLD,2025,4400
2025-02-26,Influenza,QLD,2025,5493
2025-03-05,Influenza,QLD,2025,6363
2025-03-12,Influenza,QLD,2025,7099
2025-03-19,Influenza,QLD,2025,8179
2025-03-26,Influenza,QLD,2025,9112
2025-04-02,Influenza,QLD,2025,10388
2025-04-09,Influenza,QLD,2025,12093
2025-04-16,Influenza,QLD,2025,13886
2025-04-23,Influenza,QLD,2025,14890
2025-04-30,Influenza,QLD,2025,15877
2025-05-07,Influenza,QLD,2025,16659
2025-05-14,Influenza,QLD,2025,17554
2025-05-21,Influenza,QLD,2025,17554
2025-05-28,Influenza,QLD,2025,19828
2025-06-04,Influenza,QLD,2025,21146
2025-06-11,Influenza,QLD,2025,22687
2025-06-18,Influenza,QLD,2025,24480
2025-06-25,Influenza,QLD,2025,27149
2025-07-02,Influenza,QLD,2025,30099
2025-07-09,Influenza,QLD,2025,33299
2025-07-16,Influenza,QLD,2025,36805
2025-07-23,Influenza,QLD,2025,40764
2025-07-30,Influenza,QLD,2025,44748
2025-08-06,Influenza,QLD,2025,49544
2025-08-13,Influenza,QLD,2025,54362
2025-08-20,Influenza,QLD,2025,58866
2025-08-27,Influenza,QLD,2025,63255
2025-09-03,Influenza,QLD,2025,67205
2025-09-10,Influenza,QLD,2025,72198
2025-09-17,Influenza,QLD,2025,75684
2025-09-24,Influenza,QLD,2025,78352
2025-10-01,Influenza,QLD,2025,80234
2025-10-08,Influenza,QLD,2025,81536
2025-10-15,Influenza,QLD,2025,82632
2025-10-22,Influenza,QLD,2025,83971
2025-10-29,Influenza,QLD,2025,85174
2025-11-05,Influenza,QLD,2025,86366
2025-11-12,Influenza,QLD,2025,87684
2025-11-19,Influenza,QLD,2025,89065
2025-11-26,Influenza,QLD,2025,90423
2025-12-03,Influenza,QLD,2025,92142
2025-12-10,Influenza,QLD,2025,94070
2025-12-17,Influenza,QLD,2025,95847
2025-12-24,Influenza,QLD,2025,98393
2026-01-02,Influenza,QLD,2026,43
2026-01-07,Influenza,QLD,2026,644
2026-01-14,Influenza,QLD,2026,1655
2026-01-21,Influenza,QLD,2026,2344
2026-01-28,Influenza,QLD,2026,2943
2026-02-04,Influenza,QLD,2026,3394
2026-02-11,Influenza,QLD,2026,4017
2026-02-18,Influenza,QLD,2026,4458
2026-02-25,Influenza,QLD,2026,5033
2026-03-04,Influenza,QLD,2026,5631
2026-03-11,Influenza,QLD,2026,6198
2026-03-18,Influenza,QLD,2026,6808
2026-03-25,Influenza,QLD,2026,7402
2026-04-01,Influenza,QLD,2026,7861
2026-04-08,Influenza,QLD,2026,8168
2026-04-15,Influenza,QLD,2026,8499
2026-04-22,Influenza,QLD,2026,8710
2026-04-29,Influenza,QLD,2026,8883
2026-05-06,Influenza,QLD,2026,9007
2026-05-13,Influenza,QLD,2026,9163
2026-05-20,Influenza,QLD,2026,9289
2026-05-27,Influenza,QLD,2026,9422
2026-06-03,Influenza,QLD,2026,9595
2026-06-10,Influenza,QLD,2026,9808
2026-06-17,Influenza,QLD,2026,10043
2026-06-24,Influenza,QLD,2026,10288
2026-07-01,Influenza,QLD,2026,10563
2026-07-08,Influenza,QLD,2026,10779
2026-07-15,Influenza,QLD,2026,11137
2024-09-17,Influenza,SA,2024,19535
2024-09-24,Influenza,SA,2024,20025
2024-10-02,Influenza,SA,2024,20564
2024-10-09,Influenza,SA,2024,20886
2024-10-16,Influenza,SA,2024,21098
2024-10-23,Influenza,SA,2024,21281
2024-10-30,Influenza,SA,2024,21449
2024-11-06,Influenza,SA,2024,21608
2024-11-13,Influenza,SA,2024,21787
2024-11-20,Influenza,SA,2024,21950
2024-11-27,Influenza,SA,2024,22092
2024-12-04,Influenza,SA,2024,22282
2024-12-11,Influenza,SA,2024,22359
2024-12-18,Influenza,SA,2024,22537
2024-12-25,Influenza,SA,2024,22649
2025-01-02,Influenza,SA,2025,0
2025-01-08,Influenza,SA,2025,83
2025-01-15,Influenza,SA,2025,258
2025-01-22,Influenza,SA,2025,433
2025-01-29,Influenza,SA,2025,686
2025-02-05,Influenza,SA,2025,830
2025-02-13,Influenza,SA,2025,1031
2025-02-19,Influenza,SA,2025,1182
2025-02-26,Influenza,SA,2025,1390
2025-03-05,Influenza,SA,2025,1615
2025-03-12,Influenza,SA,2025,1816
2025-03-19,Influenza,SA,2025,1984
2025-03-26,Influenza,SA,2025,2311
2025-04-02,Influenza,SA,2025,2550
2025-04-09,Influenza,SA,2025,2885
2025-04-16,Influenza,SA,2025,3184
2025-04-23,Influenza,SA,2025,3442
2025-04-30,Influenza,SA,2025,3672
2025-05-07,Influenza,SA,2025,3903
2025-05-14,Influenza,SA,2025,4195
2025-05-21,Influenza,SA,2025,4195
2025-05-28,Influenza,SA,2025,5127
2025-06-04,Influenza,SA,2025,5977
2025-06-11,Influenza,SA,2025,6750
2025-06-18,Influenza,SA,2025,7800
2025-06-25,Influenza,SA,2025,9095
2025-07-02,Influenza,SA,2025,10800
2025-07-09,Influenza,SA,2025,12580
2025-07-16,Influenza,SA,2025,14548
2025-07-23,Influenza,SA,2025,16092
2025-07-30,Influenza,SA,2025,17335
2025-08-06,Influenza,SA,2025,18458
2025-08-13,Influenza,SA,2025,19682
2025-08-20,Influenza,SA,2025,21057
2025-08-27,Influenza,SA,2025,22207
2025-09-03,Influenza,SA,2025,23417
2025-09-10,Influenza,SA,2025,24498
2025-09-17,Influenza,SA,2025,25700
2025-09-24,Influenza,SA,2025,26706
2025-10-01,Influenza,SA,2025,27648
2025-10-08,Influenza,SA,2025,28312
2025-10-15,Influenza,SA,2025,28835
2025-10-22,Influenza,SA,2025,29302
2025-10-29,Influenza,SA,2025,29767
2025-11-05,Influenza,SA,2025,30262
2025-11-12,Influenza,SA,2025,30793
2025-11-19,Influenza,SA,2025,31697
2025-11-26,Influenza,SA,2025,32470
2025-12-03,Influenza,SA,2025,33244
2025-12-10,Influenza,SA,2025,33913
2025-12-17,Influenza,SA,2025,34882
2025-12-24,Influenza,SA,2025,35644
2026-01-02,Influenza,SA,2026,3
2026-01-07,Influenza,SA,2026,235
2026-01-14,Influenza,SA,2026,574
2026-01-21,Influenza,SA,2026,788
2026-01-28,Influenza,SA,2026,879
2026-02-04,Influenza,SA,2026,985
2026-02-11,Influenza,SA,2026,1045
2026-02-18,Influenza,SA,2026,1106
2026-02-25,Influenza,SA,2026,1174
2026-03-04,Influenza,SA,2026,1241
2026-03-11,Influenza,SA,2026,1292
2026-03-18,Influenza,SA,2026,1348
2026-03-25,Influenza,SA,2026,1398
2026-04-01,Influenza,SA,2026,1456
2026-04-08,Influenza,SA,2026,1513
2026-04-15,Influenza,SA,2026,1578
2026-04-22,Influenza,SA,2026,1631
2026-04-29,Influenza,SA,2026,1691
2026-05-06,Influenza,SA,2026,1742
2026-05-13,Influenza,SA,2026,1767
2026-05-20,Influenza,SA,2026,1803
2026-05-27,Influenza,SA,2026,1837
2026-06-03,Influenza,SA,2026,1880
2026-06-10,Influenza,SA,2026,1917
2026-06-17,Influenza,SA,2026,1972
2026-06-24,Influenza,SA,2026,2010
2026-07-01,Influenza,SA,2026,2052
2026-07-08,Influenza,SA,2026,2090
2026-07-15,Influenza,SA,2026,2178
2024-09-17,Influenza,TAS,2024,3534
2024-09-24,Influenza,TAS,2024,3583
2024-10-02,Influenza,TAS,2024,3635
2024-10-09,Influenza,TAS,2024,3663
2024-10-16,Influenza,TAS,2024,3731
2024-10-23,Influenza,TAS,2024,3773
2024-10-30,Influenza,TAS,2024,3810
2024-11-06,Influenza,TAS,2024,3838
2024-11-13,Influenza,TAS,2024,3886
2024-11-20,Influenza,TAS,2024,3917
2024-11-27,Influenza,TAS,2024,3934
2024-12-04,Influenza,TAS,2024,3953
2024-12-11,Influenza,TAS,2024,3977
2024-12-18,Influenza,TAS,2024,3991
2024-12-25,Influenza,TAS,2024,4025
2025-01-02,Influenza,TAS,2025,0
2025-01-08,Influenza,TAS,2025,16
2025-01-15,Influenza,TAS,2025,55
2025-01-22,Influenza,TAS,2025,104
2025-01-29,Influenza,TAS,2025,159
2025-02-05,Influenza,TAS,2025,183
2025-02-13,Influenza,TAS,2025,209
2025-02-19,Influenza,TAS,2025,236
2025-02-26,Influenza,TAS,2025,283
2025-03-05,Influenza,TAS,2025,324
2025-03-12,Influenza,TAS,2025,369
2025-03-19,Influenza,TAS,2025,416
2025-03-26,Influenza,TAS,2025,480
2025-04-02,Influenza,TAS,2025,587
2025-04-09,Influenza,TAS,2025,653
2025-04-16,Influenza,TAS,2025,750
2025-04-23,Influenza,TAS,2025,774
2025-04-30,Influenza,TAS,2025,885
2025-05-07,Influenza,TAS,2025,955
2025-05-14,Influenza,TAS,2025,1029
2025-05-21,Influenza,TAS,2025,1029
2025-05-28,Influenza,TAS,2025,1212
2025-06-04,Influenza,TAS,2025,1379
2025-06-11,Influenza,TAS,2025,1511
2025-06-18,Influenza,TAS,2025,1719
2025-06-25,Influenza,TAS,2025,1946
2025-07-02,Influenza,TAS,2025,2158
2025-07-09,Influenza,TAS,2025,2418
2025-07-16,Influenza,TAS,2025,2735
2025-07-23,Influenza,TAS,2025,3066
2025-07-30,Influenza,TAS,2025,3336
2025-08-06,Influenza,TAS,2025,3569
2025-08-13,Influenza,TAS,2025,3957
2025-08-20,Influenza,TAS,2025,4166
2025-08-27,Influenza,TAS,2025,4539
2025-09-03,Influenza,TAS,2025,4924
2025-09-10,Influenza,TAS,2025,5317
2025-09-17,Influenza,TAS,2025,5733
2025-09-24,Influenza,TAS,2025,6138
2025-10-01,Influenza,TAS,2025,6462
2025-10-08,Influenza,TAS,2025,6739
2025-10-15,Influenza,TAS,2025,6937
2025-10-22,Influenza,TAS,2025,7142
2025-10-29,Influenza,TAS,2025,7329
2025-11-05,Influenza,TAS,2025,7486
2025-11-12,Influenza,TAS,2025,7668
2025-11-19,Influenza,TAS,2025,7854
2025-11-26,Influenza,TAS,2025,8020
2025-12-03,Influenza,TAS,2025,8289
2025-12-10,Influenza,TAS,2025,8594
2025-12-17,Influenza,TAS,2025,8832
2025-12-24,Influenza,TAS,2025,9045
2026-01-02,Influenza,TAS,2026,0
2026-01-07,Influenza,TAS,2026,0
2026-01-14,Influenza,TAS,2026,121
2026-01-21,Influenza,TAS,2026,158
2026-01-28,Influenza,TAS,2026,171
2026-02-04,Influenza,TAS,2026,186
2026-02-11,Influenza,TAS,2026,196
2026-02-18,Influenza,TAS,2026,205
2026-02-25,Influenza,TAS,2026,214
2026-03-04,Influenza,TAS,2026,227
2026-03-11,Influenza,TAS,2026,245
2026-03-18,Influenza,TAS,2026,259
2026-03-25,Influenza,TAS,2026,272
2026-04-01,Influenza,TAS,2026,278
2026-04-08,Influenza,TAS,2026,287
2026-04-15,Influenza,TAS,2026,296
2026-04-22,Influenza,TAS,2026,301
2026-04-29,Influenza,TAS,2026,309
2026-05-06,Influenza,TAS,2026,315
2026-05-13,Influenza,TAS,2026,323
2026-05-20,Influenza,TAS,2026,327
2026-05-27,Influenza,TAS,2026,333
2026-06-03,Influenza,TAS,2026,339
2026-06-10,Influenza,TAS,2026,346
2026-06-17,Influenza,TAS,2026,350
2026-06-24,Influenza,TAS,2026,361
2026-07-01,Influenza,TAS,2026,373
2026-07-08,Influenza,TAS,2026,380
2026-07-15,Influenza,TAS,2026,395
2024-09-17,Influenza,VIC,2024,64595
2024-09-24,Influenza,VIC,2024,65499
2024-10-02,Influenza,VIC,2024,66266
2024-10-09,Influenza,VIC,2024,66757
2024-10-16,Influenza,VIC,2024,67115
2024-10-23,Influenza,VIC,2024,67586
2024-10-30,Influenza,VIC,2024,67907
2024-11-06,Influenza,VIC,2024,68228
2024-11-13,Influenza,VIC,2024,68608
2024-11-20,Influenza,VIC,2024,69079
2024-11-27,Influenza,VIC,2024,69588
2024-12-04,Influenza,VIC,2024,70128
2024-12-11,Influenza,VIC,2024,70663
2024-12-18,Influenza,VIC,2024,71018
2024-12-25,Influenza,VIC,2024,71648
2025-01-02,Influenza,VIC,2025,0
2025-01-08,Influenza,VIC,2025,426
2025-01-15,Influenza,VIC,2025,1363
2025-01-22,Influenza,VIC,2025,2069
2025-01-29,Influenza,VIC,2025,2660
2025-02-05,Influenza,VIC,2025,3472
2025-02-13,Influenza,VIC,2025,4248
2025-02-19,Influenza,VIC,2025,4631
2025-02-26,Influenza,VIC,2025,5650
2025-03-05,Influenza,VIC,2025,6567
2025-03-12,Influenza,VIC,2025,7264
2025-03-19,Influenza,VIC,2025,8304
2025-03-26,Influenza,VIC,2025,9188
2025-04-02,Influenza,VIC,2025,10263
2025-04-09,Influenza,VIC,2025,11370
2025-04-16,Influenza,VIC,2025,12025
2025-04-23,Influenza,VIC,2025,12423
2025-04-30,Influenza,VIC,2025,14069
2025-05-07,Influenza,VIC,2025,14862
2025-05-14,Influenza,VIC,2025,15926
2025-05-21,Influenza,VIC,2025,15926
2025-05-28,Influenza,VIC,2025,19225
2025-06-04,Influenza,VIC,2025,22049
2025-06-11,Influenza,VIC,2025,24848
2025-06-18,Influenza,VIC,2025,28511
2025-06-25,Influenza,VIC,2025,32659
2025-07-02,Influenza,VIC,2025,37926
2025-07-09,Influenza,VIC,2025,40829
2025-07-16,Influenza,VIC,2025,47857
2025-07-23,Influenza,VIC,2025,52687
2025-07-30,Influenza,VIC,2025,56339
2025-08-06,Influenza,VIC,2025,59862
2025-08-13,Influenza,VIC,2025,63690
2025-08-20,Influenza,VIC,2025,67672
2025-08-27,Influenza,VIC,2025,71786
2025-09-03,Influenza,VIC,2025,75498
2025-09-10,Influenza,VIC,2025,79473
2025-09-17,Influenza,VIC,2025,83051
2025-09-24,Influenza,VIC,2025,86574
2025-10-01,Influenza,VIC,2025,89408
2025-10-08,Influenza,VIC,2025,91879
2025-10-15,Influenza,VIC,2025,94086
2025-10-22,Influenza,VIC,2025,96588
2025-10-29,Influenza,VIC,2025,98910
2025-11-05,Influenza,VIC,2025,100744
2025-11-12,Influenza,VIC,2025,103210
2025-11-19,Influenza,VIC,2025,105585
2025-11-26,Influenza,VIC,2025,108000
2025-12-03,Influenza,VIC,2025,110361
2025-12-10,Influenza,VIC,2025,112744
2025-12-17,Influenza,VIC,2025,115161
2025-12-24,Influenza,VIC,2025,117245
2026-01-02,Influenza,VIC,2026,0
2026-01-07,Influenza,VIC,2026,0
2026-01-14,Influenza,VIC,2026,1536
2026-01-21,Influenza,VIC,2026,2157
2026-01-28,Influenza,VIC,2026,2571
2026-02-04,Influenza,VIC,2026,3017
2026-02-11,Influenza,VIC,2026,3272
2026-02-18,Influenza,VIC,2026,3447
2026-02-25,Influenza,VIC,2026,3702
2026-03-04,Influenza,VIC,2026,3906
2026-03-11,Influenza,VIC,2026,4074
2026-03-18,Influenza,VIC,2026,4248
2026-03-25,Influenza,VIC,2026,4390
2026-04-01,Influenza,VIC,2026,4517
2026-04-08,Influenza,VIC,2026,4600
2026-04-15,Influenza,VIC,2026,4810
2026-04-22,Influenza,VIC,2026,5019
2026-04-29,Influenza,VIC,2026,5216
2026-05-06,Influenza,VIC,2026,5398
2026-05-13,Influenza,VIC,2026,5540
2026-05-20,Influenza,VIC,2026,5726
2026-05-27,Influenza,VIC,2026,5929
2026-06-03,Influenza,VIC,2026,6134
2026-06-10,Influenza,VIC,2026,6303
2026-06-17,Influenza,VIC,2026,6476
2026-06-24,Influenza,VIC,2026,6651
2026-07-01,Influenza,VIC,2026,6855
2026-07-08,Influenza,VIC,2026,7071
2026-07-15,Influenza,VIC,2026,7359
2024-09-17,Influenza,WA,2024,14114
2024-09-24,Influenza,WA,2024,14737
2024-10-02,Influenza,WA,2024,15170
2024-10-09,Influenza,WA,2024,15490
2024-10-16,Influenza,WA,2024,15714
2024-10-23,Influenza,WA,2024,15851
2024-10-30,Influenza,WA,2024,15967
2024-11-06,Influenza,WA,2024,16102
2024-11-13,Influenza,WA,2024,16197
2024-11-20,Influenza,WA,2024,16322
2024-11-27,Influenza,WA,2024,16422
2024-12-04,Influenza,WA,2024,16543
2024-12-11,Influenza,WA,2024,16665
2024-12-18,Influenza,WA,2024,16790
2024-12-25,Influenza,WA,2024,16921
2025-01-02,Influenza,WA,2025,0
2025-01-08,Influenza,WA,2025,0
2025-01-15,Influenza,WA,2025,431
2025-01-22,Influenza,WA,2025,702
2025-01-29,Influenza,WA,2025,959
2025-02-05,Influenza,WA,2025,1221
2025-02-13,Influenza,WA,2025,1657
2025-02-19,Influenza,WA,2025,1918
2025-02-26,Influenza,WA,2025,2354
2025-03-05,Influenza,WA,2025,2780
2025-03-12,Influenza,WA,2025,3221
2025-03-19,Influenza,WA,2025,3618
2025-03-26,Influenza,WA,2025,3970
2025-04-02,Influenza,WA,2025,4292
2025-04-09,Influenza,WA,2025,4715
2025-04-16,Influenza,WA,2025,5043
2025-04-23,Influenza,WA,2025,5297
2025-04-30,Influenza,WA,2025,5519
2025-05-07,Influenza,WA,2025,5824
2025-05-14,Influenza,WA,2025,6095
2025-05-21,Influenza,WA,2025,6095
2025-05-28,Influenza,WA,2025,6902
2025-06-04,Influenza,WA,2025,7504
2025-06-11,Influenza,WA,2025,8054
2025-06-18,Influenza,WA,2025,8668
2025-06-25,Influenza,WA,2025,9537
2025-07-02,Influenza,WA,2025,10573
2025-07-09,Influenza,WA,2025,11629
2025-07-16,Influenza,WA,2025,12992
2025-07-23,Influenza,WA,2025,14272
2025-07-30,Influenza,WA,2025,15477
2025-08-06,Influenza,WA,2025,16791
2025-08-13,Influenza,WA,2025,18235
2025-08-20,Influenza,WA,2025,19800
2025-08-27,Influenza,WA,2025,21293
2025-09-03,Influenza,WA,2025,22709
2025-09-10,Influenza,WA,2025,24329
2025-09-17,Influenza,WA,2025,25877
2025-09-24,Influenza,WA,2025,27371
2025-10-01,Influenza,WA,2025,28742
2025-10-08,Influenza,WA,2025,29723
2025-10-15,Influenza,WA,2025,30517
2025-10-22,Influenza,WA,2025,31150
2025-10-29,Influenza,WA,2025,31756
2025-11-05,Influenza,WA,2025,32463
2025-11-12,Influenza,WA,2025,33065
2025-11-19,Influenza,WA,2025,33605
2025-11-26,Influenza,WA,2025,34096
2025-12-03,Influenza,WA,2025,34569
2025-12-10,Influenza,WA,2025,35098
2025-12-17,Influenza,WA,2025,35693
2025-12-24,Influenza,WA,2025,36198
2026-01-02,Influenza,WA,2026,0
2026-01-07,Influenza,WA,2026,0
2026-01-14,Influenza,WA,2026,353
2026-01-21,Influenza,WA,2026,543
2026-01-28,Influenza,WA,2026,679
2026-02-04,Influenza,WA,2026,826
2026-02-11,Influenza,WA,2026,948
2026-02-18,Influenza,WA,2026,1087
2026-02-25,Influenza,WA,2026,1225
2026-03-04,Influenza,WA,2026,1307
2026-03-11,Influenza,WA,2026,1377
2026-03-18,Influenza,WA,2026,1450
2026-03-25,Influenza,WA,2026,1524
2026-04-01,Influenza,WA,2026,1596
2026-04-08,Influenza,WA,2026,1651
2026-04-15,Influenza,WA,2026,1699
2026-04-22,Influenza,WA,2026,1737
2026-04-29,Influenza,WA,2026,1767
2026-05-06,Influenza,WA,2026,1803
2026-05-13,Influenza,WA,2026,1860
2026-05-20,Influenza,WA,2026,1972
2026-05-27,Influenza,WA,2026,2037
2026-06-03,Influenza,WA,2026,2109
2026-06-10,Influenza,WA,2026,2223
2026-06-17,Influenza,WA,2026,2363
2026-06-24,Influenza,WA,2026,2620
2026-07-01,Influenza,WA,2026,3026
2026-07-08,Influenza,WA,2026,3531
2026-07-15,Influenza,WA,2026,4142
2025-03-05,Measles,ACT,2025,0
2025-03-12,Measles,ACT,2025,0
2025-03-19,Measles,ACT,2025,0
2025-03-26,Measles,ACT,2025,0
2025-04-02,Measles,ACT,2025,0
2025-04-09,Measles,ACT,2025,0
2025-04-16,Measles,ACT,2025,0
2025-04-23,Measles,ACT,2025,0
2025-04-30,Measles,ACT,2025,0
2025-05-07,Measles,ACT,2025,0
2025-05-14,Measles,ACT,2025,0
2025-05-21,Measles,ACT,2025,0
2025-05-28,Measles,ACT,2025,0
2025-06-04,Measles,ACT,2025,0
2025-06-11,Measles,ACT,2025,0
2025-06-18,Measles,ACT,2025,0
2025-06-25,Measles,ACT,2025,0
2025-07-02,Measles,ACT,2025,0
2025-07-16,Measles,ACT,2025,0
2025-07-23,Measles,ACT,2025,0
2025-07-30,Measles,ACT,2025,0
2025-08-06,Measles,ACT,2025,0
2025-08-13,Measles,ACT,2025,0
2025-08-20,Measles,ACT,2025,0
2025-08-27,Measles,ACT,2025,0
2025-09-03,Measles,ACT,2025,0
2025-09-10,Measles,ACT,2025,0
2025-09-17,Measles,ACT,2025,0
2025-09-24,Measles,ACT,2025,0
2025-10-01,Measles,ACT,2025,0
2025-10-08,Measles,ACT,2025,0
2025-10-15,Measles,ACT,2025,0
2025-10-22,Measles,ACT,2025,0
2025-10-29,Measles,ACT,2025,0
2025-11-05,Measles,ACT,2025,0
2025-11-12,Measles,ACT,2025,0
2025-11-19,Measles,ACT,2025,0
2025-11-26,Measles,ACT,2025,0
2025-12-03,Measles,ACT,2025,0
2025-12-10,Measles,ACT,2025,0
2025-12-17,Measles,ACT,2025,0
2025-12-24,Measles,ACT,2025,0
2026-01-02,Measles,ACT,2026,0
2026-01-07,Measles,ACT,2026,0
2026-01-14,Measles,ACT,2026,0
2026-01-21,Measles,ACT,2026,0
2026-01-28,Measles,ACT,2026,0
2026-02-04,Measles,ACT,2026,0
2026-02-11,Measles,ACT,2026,0
2026-02-18,Measles,ACT,2026,0
2026-02-25,Measles,ACT,2026,3
2026-03-04,Measles,ACT,2026,3
2026-03-11,Measles,ACT,2026,3
2026-03-18,Measles,ACT,2026,3
2026-03-25,Measles,ACT,2026,3
2026-04-01,Measles,ACT,2026,3
2026-04-08,Measles,ACT,2026,3
2026-04-15,Measles,ACT,2026,3
2026-04-22,Measles,ACT,2026,3
2026-04-29,Measles,ACT,2026,3
2026-05-06,Measles,ACT,2026,3
2026-05-13,Measles,ACT,2026,3
2026-05-20,Measles,ACT,2026,3
2026-05-27,Measles,ACT,2026,3
2026-06-03,Measles,ACT,2026,3
2026-06-10,Measles,ACT,2026,3
2026-06-17,Measles,ACT,2026,3
2026-06-24,Measles,ACT,2026,3
2026-07-01,Measles,ACT,2026,3
2026-07-08,Measles,ACT,2026,3
2026-07-15,Measles,ACT,2026,3
2025-03-05,Measles,NSW,2025,9
2025-03-12,Measles,NSW,2025,10
2025-03-19,Measles,NSW,2025,13
2025-03-26,Measles,NSW,2025,17
2025-04-02,Measles,NSW,2025,17
2025-04-09,Measles,NSW,2025,20
2025-04-16,Measles,NSW,2025,20
2025-04-23,Measles,NSW,2025,22
2025-04-30,Measles,NSW,2025,21
2025-05-07,Measles,NSW,2025,21
2025-05-14,Measles,NSW,2025,21
2025-05-21,Measles,NSW,2025,22
2025-05-28,Measles,NSW,2025,21
2025-06-04,Measles,NSW,2025,21
2025-06-11,Measles,NSW,2025,22
2025-06-18,Measles,NSW,2025,21
2025-06-25,Measles,NSW,2025,23
2025-07-02,Measles,NSW,2025,24
2025-07-16,Measles,NSW,2025,24
2025-07-23,Measles,NSW,2025,24
2025-07-30,Measles,NSW,2025,24
2025-08-06,Measles,NSW,2025,24
2025-08-13,Measles,NSW,2025,24
2025-08-20,Measles,NSW,2025,24
2025-08-27,Measles,NSW,2025,24
2025-09-03,Measles,NSW,2025,25
2025-09-10,Measles,NSW,2025,25
2025-09-17,Measles,NSW,2025,26
2025-09-24,Measles,NSW,2025,27
2025-10-01,Measles,NSW,2025,27
2025-10-08,Measles,NSW,2025,28
2025-10-15,Measles,NSW,2025,28
2025-10-22,Measles,NSW,2025,28
2025-10-29,Measles,NSW,2025,28
2025-11-05,Measles,NSW,2025,28
2025-11-12,Measles,NSW,2025,28
2025-11-19,Measles,NSW,2025,29
2025-11-26,Measles,NSW,2025,30
2025-12-03,Measles,NSW,2025,29
2025-12-10,Measles,NSW,2025,29
2025-12-17,Measles,NSW,2025,30
2025-12-24,Measles,NSW,2025,34
2026-01-02,Measles,NSW,2026,0
2026-01-07,Measles,NSW,2026,0
2026-01-14,Measles,NSW,2026,0
2026-01-21,Measles,NSW,2026,3
2026-01-28,Measles,NSW,2026,6
2026-02-04,Measles,NSW,2026,7
2026-02-11,Measles,NSW,2026,10
2026-02-18,Measles,NSW,2026,17
2026-02-25,Measles,NSW,2026,21
2026-03-04,Measles,NSW,2026,22
2026-03-11,Measles,NSW,2026,25
2026-03-18,Measles,NSW,2026,30
2026-03-25,Measles,NSW,2026,33
2026-04-01,Measles,NSW,2026,40
2026-04-08,Measles,NSW,2026,41
2026-04-15,Measles,NSW,2026,41
2026-04-22,Measles,NSW,2026,43
2026-04-29,Measles,NSW,2026,44
2026-05-06,Measles,NSW,2026,45
2026-05-13,Measles,NSW,2026,47
2026-05-20,Measles,NSW,2026,47
2026-05-27,Measles,NSW,2026,47
2026-06-03,Measles,NSW,2026,47
2026-06-10,Measles,NSW,2026,48
2026-06-17,Measles,NSW,2026,49
2026-06-24,Measles,NSW,2026,52
2026-07-01,Measles,NSW,2026,51
2026-07-08,Measles,NSW,2026,52
2026-07-15,Measles,NSW,2026,52
2025-03-05,Measles,NT,2025,1
2025-03-12,Measles,NT,2025,1
2025-03-19,Measles,NT,2025,1
2025-03-26,Measles,NT,2025,1
2025-04-02,Measles,NT,2025,1
2025-04-09,Measles,NT,2025,1
2025-04-16,Measles,NT,2025,1
2025-04-23,Measles,NT,2025,1
2025-04-30,Measles,NT,2025,1
2025-05-07,Measles,NT,2025,1
2025-05-14,Measles,NT,2025,1
2025-05-21,Measles,NT,2025,1
2025-05-28,Measles,NT,2025,1
2025-06-04,Measles,NT,2025,1
2025-06-11,Measles,NT,2025,1
2025-06-18,Measles,NT,2025,1
2025-06-25,Measles,NT,2025,1
2025-07-02,Measles,NT,2025,1
2025-07-16,Measles,NT,2025,1
2025-07-23,Measles,NT,2025,1
2025-07-30,Measles,NT,2025,1
2025-08-06,Measles,NT,2025,1
2025-08-13,Measles,NT,2025,1
2025-08-20,Measles,NT,2025,1
2025-08-27,Measles,NT,2025,1
2025-09-03,Measles,NT,2025,1
2025-09-10,Measles,NT,2025,1
2025-09-17,Measles,NT,2025,1
2025-09-24,Measles,NT,2025,1
2025-10-01,Measles,NT,2025,1
2025-10-08,Measles,NT,2025,1
2025-10-15,Measles,NT,2025,1
2025-10-22,Measles,NT,2025,1
2025-10-29,Measles,NT,2025,1
2025-11-05,Measles,NT,2025,1
2025-11-12,Measles,NT,2025,1
2025-11-19,Measles,NT,2025,1
2025-11-26,Measles,NT,2025,1
2025-12-03,Measles,NT,2025,1
2025-12-10,Measles,NT,2025,1
2025-12-17,Measles,NT,2025,1
2025-12-24,Measles,NT,2025,1
2026-01-02,Measles,NT,2026,0
2026-01-07,Measles,NT,2026,0
2026-01-14,Measles,NT,2026,0
2026-01-21,Measles,NT,2026,0
2026-01-28,Measles,NT,2026,0
2026-02-04,Measles,NT,2026,0
2026-02-11,Measles,NT,2026,0
2026-02-18,Measles,NT,2026,0
2026-02-25,Measles,NT,2026,0
2026-03-04,Measles,NT,2026,0
2026-03-11,Measles,NT,2026,0
2026-03-18,Measles,NT,2026,0
2026-03-25,Measles,NT,2026,0
2026-04-01,Measles,NT,2026,0
2026-04-08,Measles,NT,2026,0
2026-04-15,Measles,NT,2026,0
2026-04-22,Measles,NT,2026,0
2026-04-29,Measles,NT,2026,0
2026-05-06,Measles,NT,2026,0
2026-05-13,Measles,NT,2026,0
2026-05-20,Measles,NT,2026,0
2026-05-27,Measles,NT,2026,0
2026-06-03,Measles,NT,2026,0
2026-06-10,Measles,NT,2026,0
2026-06-17,Measles,NT,2026,0
2026-06-24,Measles,NT,2026,0
2026-07-01,Measles,NT,2026,0
2026-07-08,Measles,NT,2026,0
2026-07-15,Measles,NT,2026,0
2025-03-05,Measles,National,2025,19
2025-03-12,Measles,National,2025,20
2025-03-19,Measles,National,2025,28
2025-03-26,Measles,National,2025,35
2025-04-02,Measles,National,2025,42
2025-04-09,Measles,National,2025,52
2025-04-16,Measles,National,2025,59
2025-04-23,Measles,National,2025,64
2025-04-30,Measles,National,2025,68
2025-05-07,Measles,National,2025,71
2025-05-14,Measles,National,2025,72
2025-05-21,Measles,National,2025,75
2025-05-28,Measles,National,2025,77
2025-06-04,Measles,National,2025,77
2025-06-11,Measles,National,2025,79
2025-06-18,Measles,National,2025,79
2025-06-25,Measles,National,2025,82
2025-07-02,Measles,National,2025,83
2025-07-16,Measles,National,2025,85
2025-07-23,Measles,National,2025,85
2025-07-30,Measles,National,2025,87
2025-08-06,Measles,National,2025,88
2025-08-13,Measles,National,2025,93
2025-08-20,Measles,National,2025,94
2025-08-27,Measles,National,2025,99
2025-09-03,Measles,National,2025,100
2025-09-10,Measles,National,2025,102
2025-09-17,Measles,National,2025,109
2025-09-24,Measles,National,2025,125
2025-10-01,Measles,National,2025,129
2025-10-08,Measles,National,2025,133
2025-10-15,Measles,National,2025,136
2025-10-22,Measles,National,2025,140
2025-10-29,Measles,National,2025,144
2025-11-05,Measles,National,2025,146
2025-11-12,Measles,National,2025,151
2025-11-19,Measles,National,2025,157
2025-11-26,Measles,National,2025,161
2025-12-03,Measles,National,2025,161
2025-12-10,Measles,National,2025,161
2025-12-17,Measles,National,2025,165
2025-12-24,Measles,National,2025,172
2026-01-02,Measles,National,2026,0
2026-01-07,Measles,National,2026,0
2026-01-14,Measles,National,2026,3
2026-01-21,Measles,National,2026,10
2026-01-28,Measles,National,2026,16
2026-02-04,Measles,National,2026,22
2026-02-11,Measles,National,2026,27
2026-02-18,Measles,National,2026,36
2026-02-25,Measles,National,2026,47
2026-03-04,Measles,National,2026,53
2026-03-11,Measles,National,2026,59
2026-03-18,Measles,National,2026,65
2026-03-25,Measles,National,2026,75
2026-04-01,Measles,National,2026,84
2026-04-08,Measles,National,2026,85
2026-04-15,Measles,National,2026,86
2026-04-22,Measles,National,2026,89
2026-04-29,Measles,National,2026,94
2026-05-06,Measles,National,2026,97
2026-05-13,Measles,National,2026,99
2026-05-20,Measles,National,2026,99
2026-05-27,Measles,National,2026,99
2026-06-03,Measles,National,2026,99
2026-06-10,Measles,National,2026,102
2026-06-17,Measles,National,2026,102
2026-06-24,Measles,National,2026,104
2026-07-01,Measles,National,2026,104
2026-07-08,Measles,National,2026,106
2026-07-15,Measles,National,2026,106
2025-03-05,Measles,QLD,2025,0
2025-03-12,Measles,QLD,2025,0
2025-03-19,Measles,QLD,2025,0
2025-03-26,Measles,QLD,2025,0
2025-04-02,Measles,QLD,2025,0
2025-04-09,Measles,QLD,2025,1
2025-04-16,Measles,QLD,2025,2
2025-04-23,Measles,QLD,2025,2
2025-04-30,Measles,QLD,2025,2
2025-05-07,Measles,QLD,2025,2
2025-05-14,Measles,QLD,2025,2
2025-05-21,Measles,QLD,2025,2
2025-05-28,Measles,QLD,2025,2
2025-06-04,Measles,QLD,2025,2
2025-06-11,Measles,QLD,2025,3
2025-06-18,Measles,QLD,2025,3
2025-06-25,Measles,QLD,2025,3
2025-07-02,Measles,QLD,2025,3
2025-07-16,Measles,QLD,2025,3
2025-07-23,Measles,QLD,2025,3
2025-07-30,Measles,QLD,2025,4
2025-08-06,Measles,QLD,2025,4
2025-08-13,Measles,QLD,2025,4
2025-08-20,Measles,QLD,2025,4
2025-08-27,Measles,QLD,2025,5
2025-09-03,Measles,QLD,2025,5
2025-09-10,Measles,QLD,2025,6
2025-09-17,Measles,QLD,2025,10
2025-09-24,Measles,QLD,2025,21
2025-10-01,Measles,QLD,2025,24
2025-10-08,Measles,QLD,2025,21
2025-10-15,Measles,QLD,2025,21
2025-10-22,Measles,QLD,2025,23
2025-10-29,Measles,QLD,2025,24
2025-11-05,Measles,QLD,2025,25
2025-11-12,Measles,QLD,2025,28
2025-11-19,Measles,QLD,2025,32
2025-11-26,Measles,QLD,2025,34
2025-12-03,Measles,QLD,2025,34
2025-12-10,Measles,QLD,2025,33
2025-12-17,Measles,QLD,2025,33
2025-12-24,Measles,QLD,2025,33
2026-01-02,Measles,QLD,2026,0
2026-01-07,Measles,QLD,2026,0
2026-01-14,Measles,QLD,2026,2
2026-01-21,Measles,QLD,2026,5
2026-01-28,Measles,QLD,2026,7
2026-02-04,Measles,QLD,2026,8
2026-02-11,Measles,QLD,2026,8
2026-02-18,Measles,QLD,2026,9
2026-02-25,Measles,QLD,2026,9
2026-03-04,Measles,QLD,2026,11
2026-03-11,Measles,QLD,2026,11
2026-03-18,Measles,QLD,2026,11
2026-03-25,Measles,QLD,2026,13
2026-04-01,Measles,QLD,2026,15
2026-04-08,Measles,QLD,2026,15
2026-04-15,Measles,QLD,2026,15
2026-04-22,Measles,QLD,2026,16
2026-04-29,Measles,QLD,2026,16
2026-05-06,Measles,QLD,2026,16
2026-05-13,Measles,QLD,2026,16
2026-05-20,Measles,QLD,2026,16
2026-05-27,Measles,QLD,2026,16
2026-06-03,Measles,QLD,2026,16
2026-06-10,Measles,QLD,2026,18
2026-06-17,Measles,QLD,2026,17
2026-06-24,Measles,QLD,2026,17
2026-07-01,Measles,QLD,2026,17
2026-07-08,Measles,QLD,2026,17
2026-07-15,Measles,QLD,2026,17
2025-03-05,Measles,SA,2025,1
2025-03-12,Measles,SA,2025,1
2025-03-19,Measles,SA,2025,1
2025-03-26,Measles,SA,2025,1
2025-04-02,Measles,SA,2025,3
2025-04-09,Measles,SA,2025,3
2025-04-16,Measles,SA,2025,3
2025-04-23,Measles,SA,2025,3
2025-04-30,Measles,SA,2025,3
2025-05-07,Measles,SA,2025,3
2025-05-14,Measles,SA,2025,3
2025-05-21,Measles,SA,2025,3
2025-05-28,Measles,SA,2025,3
2025-06-04,Measles,SA,2025,3
2025-06-11,Measles,SA,2025,3
2025-06-18,Measles,SA,2025,3
2025-06-25,Measles,SA,2025,3
2025-07-02,Measles,SA,2025,3
2025-07-16,Measles,SA,2025,3
2025-07-23,Measles,SA,2025,3
2025-07-30,Measles,SA,2025,3
2025-08-06,Measles,SA,2025,3
2025-08-13,Measles,SA,2025,4
2025-08-20,Measles,SA,2025,4
2025-08-27,Measles,SA,2025,4
2025-09-03,Measles,SA,2025,4
2025-09-10,Measles,SA,2025,4
2025-09-17,Measles,SA,2025,4
2025-09-24,Measles,SA,2025,4
2025-10-01,Measles,SA,2025,4
2025-10-08,Measles,SA,2025,4
2025-10-15,Measles,SA,2025,4
2025-10-22,Measles,SA,2025,4
2025-10-29,Measles,SA,2025,4
2025-11-05,Measles,SA,2025,5
2025-11-12,Measles,SA,2025,5
2025-11-19,Measles,SA,2025,6
2025-11-26,Measles,SA,2025,6
2025-12-03,Measles,SA,2025,7
2025-12-10,Measles,SA,2025,7
2025-12-17,Measles,SA,2025,7
2025-12-24,Measles,SA,2025,7
2026-01-02,Measles,SA,2026,0
2026-01-07,Measles,SA,2026,0
2026-01-14,Measles,SA,2026,0
2026-01-21,Measles,SA,2026,0
2026-01-28,Measles,SA,2026,0
2026-02-04,Measles,SA,2026,1
2026-02-11,Measles,SA,2026,2
2026-02-18,Measles,SA,2026,3
2026-02-25,Measles,SA,2026,3
2026-03-04,Measles,SA,2026,3
2026-03-11,Measles,SA,2026,3
2026-03-18,Measles,SA,2026,3
2026-03-25,Measles,SA,2026,3
2026-04-01,Measles,SA,2026,3
2026-04-08,Measles,SA,2026,3
2026-04-15,Measles,SA,2026,3
2026-04-22,Measles,SA,2026,3
2026-04-29,Measles,SA,2026,3
2026-05-06,Measles,SA,2026,3
2026-05-13,Measles,SA,2026,3
2026-05-20,Measles,SA,2026,3
2026-05-27,Measles,SA,2026,3
2026-06-03,Measles,SA,2026,3
2026-06-10,Measles,SA,2026,3
2026-06-17,Measles,SA,2026,3
2026-06-24,Measles,SA,2026,3
2026-07-01,Measles,SA,2026,3
2026-07-08,Measles,SA,2026,3
2026-07-15,Measles,SA,2026,3
2025-03-05,Measles,TAS,2025,0
2025-03-12,Measles,TAS,2025,0
2025-03-19,Measles,TAS,2025,0
2025-03-26,Measles,TAS,2025,0
2025-04-02,Measles,TAS,2025,0
2025-04-09,Measles,TAS,2025,0
2025-04-16,Measles,TAS,2025,0
2025-04-23,Measles,TAS,2025,0
2025-04-30,Measles,TAS,2025,0
2025-05-07,Measles,TAS,2025,0
2025-05-14,Measles,TAS,2025,0
2025-05-21,Measles,TAS,2025,0
2025-05-28,Measles,TAS,2025,0
2025-06-04,Measles,TAS,2025,0
2025-06-11,Measles,TAS,2025,0
2025-06-18,Measles,TAS,2025,0
2025-06-25,Measles,TAS,2025,0
2025-07-02,Measles,TAS,2025,0
2025-07-16,Measles,TAS,2025,0
2025-07-23,Measles,TAS,2025,0
2025-07-30,Measles,TAS,2025,0
2025-08-06,Measles,TAS,2025,0
2025-08-13,Measles,TAS,2025,0
2025-08-20,Measles,TAS,2025,0
2025-08-27,Measles,TAS,2025,0
2025-09-03,Measles,TAS,2025,0
2025-09-10,Measles,TAS,2025,0
2025-09-17,Measles,TAS,2025,0
2025-09-24,Measles,TAS,2025,0
2025-10-01,Measles,TAS,2025,0
2025-10-08,Measles,TAS,2025,0
2025-10-15,Measles,TAS,2025,0
2025-10-22,Measles,TAS,2025,0
2025-10-29,Measles,TAS,2025,0
2025-11-05,Measles,TAS,2025,0
2025-11-12,Measles,TAS,2025,0
2025-11-19,Measles,TAS,2025,0
2025-11-26,Measles,TAS,2025,1
2025-12-03,Measles,TAS,2025,1
2025-12-10,Measles,TAS,2025,1
2025-12-17,Measles,TAS,2025,2
2025-12-24,Measles,TAS,2025,2
2026-01-02,Measles,TAS,2026,0
2026-01-07,Measles,TAS,2026,0
2026-01-14,Measles,TAS,2026,0
2026-01-21,Measles,TAS,2026,0
2026-01-28,Measles,TAS,2026,0
2026-02-04,Measles,TAS,2026,0
2026-02-11,Measles,TAS,2026,0
2026-02-18,Measles,TAS,2026,0
2026-02-25,Measles,TAS,2026,0
2026-03-04,Measles,TAS,2026,0
2026-03-11,Measles,TAS,2026,0
2026-03-18,Measles,TAS,2026,0
2026-03-25,Measles,TAS,2026,0
2026-04-01,Measles,TAS,2026,0
2026-04-08,Measles,TAS,2026,0
2026-04-15,Measles,TAS,2026,0
2026-04-22,Measles,TAS,2026,0
2026-04-29,Measles,TAS,2026,0
2026-05-06,Measles,TAS,2026,0
2026-05-13,Measles,TAS,2026,0
2026-05-20,Measles,TAS,2026,0
2026-05-27,Measles,TAS,2026,0
2026-06-03,Measles,TAS,2026,0
2026-06-10,Measles,TAS,2026,0
2026-06-17,Measles,TAS,2026,0
2026-06-24,Measles,TAS,2026,0
2026-07-01,Measles,TAS,2026,0
2026-07-08,Measles,TAS,2026,0
2026-07-15,Measles,TAS,2026,0
2025-03-05,Measles,VIC,2025,7
2025-03-12,Measles,VIC,2025,7
2025-03-19,Measles,VIC,2025,12
2025-03-26,Measles,VIC,2025,13
2025-04-02,Measles,VIC,2025,13
2025-04-09,Measles,VIC,2025,14
2025-04-16,Measles,VIC,2025,18
2025-04-23,Measles,VIC,2025,20
2025-04-30,Measles,VIC,2025,24
2025-05-07,Measles,VIC,2025,26
2025-05-14,Measles,VIC,2025,27
2025-05-21,Measles,VIC,2025,28
2025-05-28,Measles,VIC,2025,31
2025-06-04,Measles,VIC,2025,31
2025-06-11,Measles,VIC,2025,31
2025-06-18,Measles,VIC,2025,32
2025-06-25,Measles,VIC,2025,32
2025-07-02,Measles,VIC,2025,32
2025-07-16,Measles,VIC,2025,32
2025-07-23,Measles,VIC,2025,32
2025-07-30,Measles,VIC,2025,32
2025-08-06,Measles,VIC,2025,32
2025-08-13,Measles,VIC,2025,32
2025-08-20,Measles,VIC,2025,32
2025-08-27,Measles,VIC,2025,32
2025-09-03,Measles,VIC,2025,32
2025-09-10,Measles,VIC,2025,33
2025-09-17,Measles,VIC,2025,34
2025-09-24,Measles,VIC,2025,34
2025-10-01,Measles,VIC,2025,34
2025-10-08,Measles,VIC,2025,34
2025-10-15,Measles,VIC,2025,34
2025-10-22,Measles,VIC,2025,34
2025-10-29,Measles,VIC,2025,35
2025-11-05,Measles,VIC,2025,35
2025-11-12,Measles,VIC,2025,35
2025-11-19,Measles,VIC,2025,35
2025-11-26,Measles,VIC,2025,35
2025-12-03,Measles,VIC,2025,35
2025-12-10,Measles,VIC,2025,35
2025-12-17,Measles,VIC,2025,35
2025-12-24,Measles,VIC,2025,36
2026-01-02,Measles,VIC,2026,0
2026-01-07,Measles,VIC,2026,0
2026-01-14,Measles,VIC,2026,1
2026-01-21,Measles,VIC,2026,2
2026-01-28,Measles,VIC,2026,2
2026-02-04,Measles,VIC,2026,5
2026-02-11,Measles,VIC,2026,6
2026-02-18,Measles,VIC,2026,8
2026-02-25,Measles,VIC,2026,14
2026-03-04,Measles,VIC,2026,17
2026-03-11,Measles,VIC,2026,20
2026-03-18,Measles,VIC,2026,21
2026-03-25,Measles,VIC,2026,22
2026-04-01,Measles,VIC,2026,22
2026-04-08,Measles,VIC,2026,22
2026-04-15,Measles,VIC,2026,23
2026-04-22,Measles,VIC,2026,23
2026-04-29,Measles,VIC,2026,27
2026-05-06,Measles,VIC,2026,29
2026-05-13,Measles,VIC,2026,29
2026-05-20,Measles,VIC,2026,29
2026-05-27,Measles,VIC,2026,29
2026-06-03,Measles,VIC,2026,29
2026-06-10,Measles,VIC,2026,29
2026-06-17,Measles,VIC,2026,29
2026-06-24,Measles,VIC,2026,29
2026-07-01,Measles,VIC,2026,29
2026-07-08,Measles,VIC,2026,30
2026-07-15,Measles,VIC,2026,30
2025-03-05,Measles,WA,2025,1
2025-03-12,Measles,WA,2025,1
2025-03-19,Measles,WA,2025,1
2025-03-26,Measles,WA,2025,3
2025-04-02,Measles,WA,2025,8
2025-04-09,Measles,WA,2025,13
2025-04-16,Measles,WA,2025,15
2025-04-23,Measles,WA,2025,16
2025-04-30,Measles,WA,2025,17
2025-05-07,Measles,WA,2025,18
2025-05-14,Measles,WA,2025,18
2025-05-21,Measles,WA,2025,19
2025-05-28,Measles,WA,2025,19
2025-06-04,Measles,WA,2025,19
2025-06-11,Measles,WA,2025,19
2025-06-18,Measles,WA,2025,19
2025-06-25,Measles,WA,2025,20
2025-07-02,Measles,WA,2025,20
2025-07-16,Measles,WA,2025,22
2025-07-23,Measles,WA,2025,22
2025-07-30,Measles,WA,2025,23
2025-08-06,Measles,WA,2025,24
2025-08-13,Measles,WA,2025,28
2025-08-20,Measles,WA,2025,29
2025-08-27,Measles,WA,2025,33
2025-09-03,Measles,WA,2025,33
2025-09-10,Measles,WA,2025,33
2025-09-17,Measles,WA,2025,34
2025-09-24,Measles,WA,2025,38
2025-10-01,Measles,WA,2025,39
2025-10-08,Measles,WA,2025,45
2025-10-15,Measles,WA,2025,48
2025-10-22,Measles,WA,2025,50
2025-10-29,Measles,WA,2025,52
2025-11-05,Measles,WA,2025,52
2025-11-12,Measles,WA,2025,54
2025-11-19,Measles,WA,2025,54
2025-11-26,Measles,WA,2025,54
2025-12-03,Measles,WA,2025,54
2025-12-10,Measles,WA,2025,55
2025-12-17,Measles,WA,2025,57
2025-12-24,Measles,WA,2025,59
2026-01-02,Measles,WA,2026,0
2026-01-07,Measles,WA,2026,0
2026-01-14,Measles,WA,2026,0
2026-01-21,Measles,WA,2026,0
2026-01-28,Measles,WA,2026,1
2026-02-04,Measles,WA,2026,1
2026-02-11,Measles,WA,2026,1
2026-02-18,Measles,WA,2026,3
2026-02-25,Measles,WA,2026,3
2026-03-04,Measles,WA,2026,3
2026-03-11,Measles,WA,2026,3
2026-03-18,Measles,WA,2026,3
2026-03-25,Measles,WA,2026,5
2026-04-01,Measles,WA,2026,5
2026-04-08,Measles,WA,2026,5
2026-04-15,Measles,WA,2026,5
2026-04-22,Measles,WA,2026,5
2026-04-29,Measles,WA,2026,5
2026-05-06,Measles,WA,2026,5
2026-05-13,Measles,WA,2026,5
2026-05-20,Measles,WA,2026,5
2026-05-27,Measles,WA,2026,5
2026-06-03,Measles,WA,2026,5
2026-06-10,Measles,WA,2026,5
2026-06-17,Measles,WA,2026,5
2026-06-24,Measles,WA,2026,5
2026-07-01,Measles,WA,2026,5
2026-07-08,Measles,WA,2026,5
2026-07-15,Measles,WA,2026,5
2024-11-13,RSV,ACT,2024,2676
2024-11-20,RSV,ACT,2024,2679
2024-11-27,RSV,ACT,2024,2687
2024-12-04,RSV,ACT,2024,2694
2024-12-11,RSV,ACT,2024,2704
2024-12-18,RSV,ACT,2024,2711
2024-12-25,RSV,ACT,2024,2721
2025-01-01,RSV,ACT,2025,1
2025-01-02,RSV,ACT,2025,1
2025-01-08,RSV,ACT,2025,5
2025-01-15,RSV,ACT,2025,15
2025-01-22,RSV,ACT,2025,30
2025-01-29,RSV,ACT,2025,37
2025-02-05,RSV,ACT,2025,54
2025-02-12,RSV,ACT,2025,78
2025-02-13,RSV,ACT,2025,78
2025-02-19,RSV,ACT,2025,92
2025-02-26,RSV,ACT,2025,103
2025-03-05,RSV,ACT,2025,126
2025-03-12,RSV,ACT,2025,154
2025-03-19,RSV,ACT,2025,178
2025-03-26,RSV,ACT,2025,208
2025-04-02,RSV,ACT,2025,230
2025-04-09,RSV,ACT,2025,252
2025-04-16,RSV,ACT,2025,271
2025-04-23,RSV,ACT,2025,307
2025-04-30,RSV,ACT,2025,338
2025-05-07,RSV,ACT,2025,377
2025-05-14,RSV,ACT,2025,426
2025-05-21,RSV,ACT,2025,492
2025-05-28,RSV,ACT,2025,591
2025-06-04,RSV,ACT,2025,695
2025-06-11,RSV,ACT,2025,805
2025-06-18,RSV,ACT,2025,944
2025-06-25,RSV,ACT,2025,1092
2025-07-02,RSV,ACT,2025,1291
2025-07-09,RSV,ACT,2025,1481
2025-07-16,RSV,ACT,2025,1686
2025-07-23,RSV,ACT,2025,1851
2025-07-30,RSV,ACT,2025,1947
2025-08-06,RSV,ACT,2025,2110
2025-08-13,RSV,ACT,2025,2250
2025-08-20,RSV,ACT,2025,2373
2025-08-27,RSV,ACT,2025,2494
2025-09-03,RSV,ACT,2025,2584
2025-09-10,RSV,ACT,2025,2647
2025-09-17,RSV,ACT,2025,2705
2025-09-24,RSV,ACT,2025,2753
2025-10-01,RSV,ACT,2025,2796
2025-10-08,RSV,ACT,2025,2810
2025-10-15,RSV,ACT,2025,2840
2025-10-22,RSV,ACT,2025,2863
2025-10-29,RSV,ACT,2025,2883
2025-11-05,RSV,ACT,2025,2910
2025-11-12,RSV,ACT,2025,2920
2025-11-19,RSV,ACT,2025,2935
2025-11-26,RSV,ACT,2025,2947
2025-12-03,RSV,ACT,2025,2957
2025-12-10,RSV,ACT,2025,2964
2025-12-17,RSV,ACT,2025,2974
2025-12-24,RSV,ACT,2025,2979
2025-12-31,RSV,ACT,2025,2989
2026-01-01,RSV,ACT,2026,0
2026-01-02,RSV,ACT,2026,0
2026-01-07,RSV,ACT,2026,6
2026-01-14,RSV,ACT,2026,11
2026-01-21,RSV,ACT,2026,22
2026-01-28,RSV,ACT,2026,32
2026-02-04,RSV,ACT,2026,40
2026-02-11,RSV,ACT,2026,46
2026-02-18,RSV,ACT,2026,57
2026-02-25,RSV,ACT,2026,70
2026-03-04,RSV,ACT,2026,79
2026-03-11,RSV,ACT,2026,90
2026-03-18,RSV,ACT,2026,99
2026-03-25,RSV,ACT,2026,114
2026-04-01,RSV,ACT,2026,133
2026-04-08,RSV,ACT,2026,152
2026-04-15,RSV,ACT,2026,167
2026-04-22,RSV,ACT,2026,195
2026-04-29,RSV,ACT,2026,219
2026-05-06,RSV,ACT,2026,248
2026-05-13,RSV,ACT,2026,298
2026-05-20,RSV,ACT,2026,348
2026-05-27,RSV,ACT,2026,389
2026-06-03,RSV,ACT,2026,466
2026-06-10,RSV,ACT,2026,500
2026-06-17,RSV,ACT,2026,580
2026-06-24,RSV,ACT,2026,659
2026-07-01,RSV,ACT,2026,773
2026-07-08,RSV,ACT,2026,850
2026-07-15,RSV,ACT,2026,993
2024-11-20,RSV,NSW,2024,70709
2024-11-27,RSV,NSW,2024,71130
2024-12-04,RSV,NSW,2024,71539
2024-12-11,RSV,NSW,2024,72011
2024-12-18,RSV,NSW,2024,72553
2024-12-25,RSV,NSW,2024,73056
2025-01-02,RSV,NSW,2025,8
2025-01-08,RSV,NSW,2025,335
2025-01-15,RSV,NSW,2025,735
2025-01-22,RSV,NSW,2025,1180
2025-01-29,RSV,NSW,2025,1673
2025-02-05,RSV,NSW,2025,2301
2025-02-13,RSV,NSW,2025,3069
2025-02-19,RSV,NSW,2025,3579
2025-02-26,RSV,NSW,2025,4736
2025-03-05,RSV,NSW,2025,5856
2025-03-12,RSV,NSW,2025,7077
2025-03-19,RSV,NSW,2025,8697
2025-03-26,RSV,NSW,2025,10541
2025-04-02,RSV,NSW,2025,12613
2025-04-09,RSV,NSW,2025,15037
2025-04-16,RSV,NSW,2025,17463
2025-04-23,RSV,NSW,2025,19272
2025-04-30,RSV,NSW,2025,21315
2025-05-07,RSV,NSW,2025,23352
2025-05-14,RSV,NSW,2025,25836
2025-05-21,RSV,NSW,2025,28625
2025-06-04,RSV,NSW,2025,34977
2025-06-11,RSV,NSW,2025,37716
2025-06-18,RSV,NSW,2025,40662
2025-06-25,RSV,NSW,2025,43449
2025-07-02,RSV,NSW,2025,46047
2025-07-09,RSV,NSW,2025,48487
2025-07-16,RSV,NSW,2025,50667
2025-07-23,RSV,NSW,2025,52583
2025-07-30,RSV,NSW,2025,54309
2025-08-06,RSV,NSW,2025,55859
2025-08-13,RSV,NSW,2025,57381
2025-08-20,RSV,NSW,2025,58973
2025-08-27,RSV,NSW,2025,60454
2025-09-03,RSV,NSW,2025,61973
2025-09-10,RSV,NSW,2025,63190
2025-09-17,RSV,NSW,2025,64200
2025-09-24,RSV,NSW,2025,65155
2025-10-01,RSV,NSW,2025,65914
2025-10-15,RSV,NSW,2025,66978
2025-10-22,RSV,NSW,2025,67462
2025-10-29,RSV,NSW,2025,67914
2025-11-05,RSV,NSW,2025,68315
2025-11-12,RSV,NSW,2025,68759
2025-11-19,RSV,NSW,2025,69176
2025-11-26,RSV,NSW,2025,69573
2025-12-03,RSV,NSW,2025,69981
2025-12-10,RSV,NSW,2025,70331
2025-12-17,RSV,NSW,2025,70711
2025-12-24,RSV,NSW,2025,71105
2026-01-02,RSV,NSW,2026,0
2026-01-07,RSV,NSW,2026,231
2026-01-14,RSV,NSW,2026,603
2026-01-21,RSV,NSW,2026,1000
2026-01-28,RSV,NSW,2026,1389
2026-02-04,RSV,NSW,2026,1886
2026-02-11,RSV,NSW,2026,2419
2026-02-18,RSV,NSW,2026,3037
2026-02-25,RSV,NSW,2026,3820
2026-03-04,RSV,NSW,2026,4712
2026-03-11,RSV,NSW,2026,5730
2026-03-18,RSV,NSW,2026,6935
2026-03-25,RSV,NSW,2026,8330
2026-04-01,RSV,NSW,2026,9991
2026-04-08,RSV,NSW,2026,11179
2026-04-15,RSV,NSW,2026,13065
2026-04-22,RSV,NSW,2026,14735
2026-04-29,RSV,NSW,2026,15935
2026-05-06,RSV,NSW,2026,17550
2026-05-13,RSV,NSW,2026,19223
2026-05-20,RSV,NSW,2026,21064
2026-05-27,RSV,NSW,2026,22644
2026-06-03,RSV,NSW,2026,24469
2026-06-10,RSV,NSW,2026,26313
2026-06-24,RSV,NSW,2026,31017
2026-07-01,RSV,NSW,2026,33989
2026-07-08,RSV,NSW,2026,37033
2026-07-15,RSV,NSW,2026,40236
2024-11-20,RSV,NT,2024,1510
2024-11-27,RSV,NT,2024,1545
2024-12-04,RSV,NT,2024,1593
2024-12-11,RSV,NT,2024,1632
2024-12-18,RSV,NT,2024,1668
2024-12-25,RSV,NT,2024,1692
2025-01-02,RSV,NT,2025,0
2025-01-08,RSV,NT,2025,19
2025-01-15,RSV,NT,2025,32
2025-01-22,RSV,NT,2025,47
2025-01-29,RSV,NT,2025,62
2025-02-05,RSV,NT,2025,85
2025-02-13,RSV,NT,2025,101
2025-02-19,RSV,NT,2025,105
2025-02-26,RSV,NT,2025,126
2025-03-05,RSV,NT,2025,136
2025-03-12,RSV,NT,2025,148
2025-03-19,RSV,NT,2025,154
2025-03-26,RSV,NT,2025,171
2025-04-02,RSV,NT,2025,190
2025-04-09,RSV,NT,2025,203
2025-04-16,RSV,NT,2025,221
2025-04-23,RSV,NT,2025,242
2025-04-30,RSV,NT,2025,278
2025-05-07,RSV,NT,2025,293
2025-05-14,RSV,NT,2025,335
2025-05-21,RSV,NT,2025,383
2025-06-04,RSV,NT,2025,432
2025-06-11,RSV,NT,2025,461
2025-06-18,RSV,NT,2025,497
2025-06-25,RSV,NT,2025,515
2025-07-02,RSV,NT,2025,524
2025-07-09,RSV,NT,2025,525
2025-07-16,RSV,NT,2025,562
2025-07-23,RSV,NT,2025,580
2025-07-30,RSV,NT,2025,597
2025-08-06,RSV,NT,2025,608
2025-08-13,RSV,NT,2025,627
2025-08-20,RSV,NT,2025,650
2025-08-27,RSV,NT,2025,666
2025-09-03,RSV,NT,2025,692
2025-09-10,RSV,NT,2025,715
2025-09-17,RSV,NT,2025,729
2025-09-24,RSV,NT,2025,740
2025-10-01,RSV,NT,2025,755
2025-10-15,RSV,NT,2025,798
2025-10-22,RSV,NT,2025,824
2025-10-29,RSV,NT,2025,857
2025-11-05,RSV,NT,2025,896
2025-11-12,RSV,NT,2025,939
2025-11-19,RSV,NT,2025,966
2025-11-26,RSV,NT,2025,1047
2025-12-03,RSV,NT,2025,1128
2025-12-10,RSV,NT,2025,1213
2025-12-17,RSV,NT,2025,1271
2025-12-24,RSV,NT,2025,1351
2026-01-02,RSV,NT,2026,0
2026-01-07,RSV,NT,2026,0
2026-01-14,RSV,NT,2026,84
2026-01-21,RSV,NT,2026,139
2026-01-28,RSV,NT,2026,189
2026-02-04,RSV,NT,2026,229
2026-02-11,RSV,NT,2026,261
2026-02-18,RSV,NT,2026,316
2026-02-25,RSV,NT,2026,358
2026-03-04,RSV,NT,2026,393
2026-03-11,RSV,NT,2026,431
2026-03-18,RSV,NT,2026,469
2026-03-25,RSV,NT,2026,507
2026-04-01,RSV,NT,2026,536
2026-04-08,RSV,NT,2026,558
2026-04-15,RSV,NT,2026,596
2026-04-22,RSV,NT,2026,629
2026-04-29,RSV,NT,2026,653
2026-05-06,RSV,NT,2026,671
2026-05-13,RSV,NT,2026,682
2026-05-20,RSV,NT,2026,701
2026-05-27,RSV,NT,2026,712
2026-06-03,RSV,NT,2026,723
2026-06-10,RSV,NT,2026,730
2026-06-24,RSV,NT,2026,758
2026-07-01,RSV,NT,2026,766
2026-07-08,RSV,NT,2026,781
2026-07-15,RSV,NT,2026,793
2024-11-20,RSV,National,2024,167409
2024-11-27,RSV,National,2024,168728
2024-12-04,RSV,National,2024,169848
2024-12-11,RSV,National,2024,171282
2024-12-18,RSV,National,2024,172798
2024-12-25,RSV,National,2024,173932
2025-01-02,RSV,National,2025,9
2025-01-08,RSV,National,2025,581
2025-01-15,RSV,National,2025,1994
2025-01-22,RSV,National,2025,3090
2025-01-29,RSV,National,2025,4304
2025-02-05,RSV,National,2025,5690
2025-02-13,RSV,National,2025,7405
2025-02-19,RSV,National,2025,8581
2025-02-26,RSV,National,2025,10941
2025-03-05,RSV,National,2025,13024
2025-03-12,RSV,National,2025,15078
2025-03-19,RSV,National,2025,17751
2025-03-26,RSV,National,2025,20701
2025-04-02,RSV,National,2025,24144
2025-04-09,RSV,National,2025,28183
2025-04-16,RSV,National,2025,32086
2025-04-23,RSV,National,2025,35002
2025-04-30,RSV,National,2025,39064
2025-05-07,RSV,National,2025,42545
2025-05-14,RSV,National,2025,46837
2025-05-21,RSV,National,2025,51664
2025-06-04,RSV,National,2025,63109
2025-06-11,RSV,National,2025,68664
2025-06-18,RSV,National,2025,74928
2025-06-25,RSV,National,2025,81526
2025-07-02,RSV,National,2025,88218
2025-07-09,RSV,National,2025,93899
2025-07-16,RSV,National,2025,101549
2025-07-23,RSV,National,2025,108631
2025-07-30,RSV,National,2025,114770
2025-08-06,RSV,National,2025,120683
2025-08-13,RSV,National,2025,126647
2025-08-20,RSV,National,2025,132453
2025-08-27,RSV,National,2025,138043
2025-09-03,RSV,National,2025,143247
2025-09-10,RSV,National,2025,148158
2025-09-17,RSV,National,2025,152241
2025-09-24,RSV,National,2025,155812
2025-10-01,RSV,National,2025,158586
2025-10-15,RSV,National,2025,162606
2025-10-22,RSV,National,2025,164422
2025-10-29,RSV,National,2025,165973
2025-11-05,RSV,National,2025,167410
2025-11-12,RSV,National,2025,168831
2025-11-19,RSV,National,2025,170176
2025-11-26,RSV,National,2025,171490
2025-12-03,RSV,National,2025,172778
2025-12-10,RSV,National,2025,173956
2025-12-17,RSV,National,2025,175081
2025-12-24,RSV,National,2025,176478
2026-01-02,RSV,National,2026,8
2026-01-07,RSV,National,2026,608
2026-01-14,RSV,National,2026,1751
2026-01-21,RSV,National,2026,2801
2026-01-28,RSV,National,2026,3805
2026-02-04,RSV,National,2026,4968
2026-02-11,RSV,National,2026,6363
2026-02-18,RSV,National,2026,7769
2026-02-25,RSV,National,2026,9450
2026-03-04,RSV,National,2026,11283
2026-03-11,RSV,National,2026,13349
2026-03-18,RSV,National,2026,15742
2026-03-25,RSV,National,2026,18444
2026-04-01,RSV,National,2026,21555
2026-04-08,RSV,National,2026,23847
2026-04-15,RSV,National,2026,27225
2026-04-22,RSV,National,2026,30214
2026-04-29,RSV,National,2026,32694
2026-05-06,RSV,National,2026,35501
2026-05-13,RSV,National,2026,38556
2026-05-20,RSV,National,2026,42083
2026-05-27,RSV,National,2026,45673
2026-06-03,RSV,National,2026,49732
2026-06-10,RSV,National,2026,53934
2026-06-24,RSV,National,2026,64775
2026-07-01,RSV,National,2026,71515
2026-07-08,RSV,National,2026,78224
2026-07-15,RSV,National,2026,86016
2024-11-20,RSV,QLD,2024,39013
2024-11-27,RSV,QLD,2024,39599
2024-12-04,RSV,QLD,2024,39994
2024-12-11,RSV,QLD,2024,40649
2024-12-18,RSV,QLD,2024,41315
2024-12-25,RSV,QLD,2024,41627
2025-01-02,RSV,QLD,2025,0
2025-01-08,RSV,QLD,2025,115
2025-01-15,RSV,QLD,2025,825
2025-01-22,RSV,QLD,2025,1211
2025-01-29,RSV,QLD,2025,1630
2025-02-05,RSV,QLD,2025,2052
2025-02-13,RSV,QLD,2025,2612
2025-02-19,RSV,QLD,2025,3026
2025-02-26,RSV,QLD,2025,3775
2025-03-05,RSV,QLD,2025,4320
2025-03-12,RSV,QLD,2025,4756
2025-03-19,RSV,QLD,2025,5382
2025-03-26,RSV,QLD,2025,5972
2025-04-02,RSV,QLD,2025,6745
2025-04-09,RSV,QLD,2025,7613
2025-04-16,RSV,QLD,2025,8606
2025-04-23,RSV,QLD,2025,9231
2025-04-30,RSV,QLD,2025,9983
2025-05-07,RSV,QLD,2025,10574
2025-05-14,RSV,QLD,2025,11283
2025-05-21,RSV,QLD,2025,12014
2025-06-04,RSV,QLD,2025,13779
2025-06-11,RSV,QLD,2025,14682
2025-06-18,RSV,QLD,2025,15653
2025-06-25,RSV,QLD,2025,16542
2025-07-02,RSV,QLD,2025,17453
2025-07-09,RSV,QLD,2025,18354
2025-07-16,RSV,QLD,2025,19188
2025-07-23,RSV,QLD,2025,20182
2025-07-30,RSV,QLD,2025,21100
2025-08-06,RSV,QLD,2025,22123
2025-08-13,RSV,QLD,2025,23086
2025-08-20,RSV,QLD,2025,24047
2025-08-27,RSV,QLD,2025,24920
2025-09-03,RSV,QLD,2025,25693
2025-09-10,RSV,QLD,2025,26765
2025-09-17,RSV,QLD,2025,27600
2025-09-24,RSV,QLD,2025,28351
2025-10-01,RSV,QLD,2025,29015
2025-10-15,RSV,QLD,2025,29858
2025-10-22,RSV,QLD,2025,30385
2025-10-29,RSV,QLD,2025,30796
2025-11-05,RSV,QLD,2025,31237
2025-11-12,RSV,QLD,2025,31639
2025-11-19,RSV,QLD,2025,32058
2025-11-26,RSV,QLD,2025,32514
2025-12-03,RSV,QLD,2025,32912
2025-12-10,RSV,QLD,2025,33280
2025-12-17,RSV,QLD,2025,33603
2025-12-24,RSV,QLD,2025,34156
2026-01-02,RSV,QLD,2026,8
2026-01-07,RSV,QLD,2026,217
2026-01-14,RSV,QLD,2026,566
2026-01-21,RSV,QLD,2026,898
2026-01-28,RSV,QLD,2026,1244
2026-02-04,RSV,QLD,2026,1550
2026-02-11,RSV,QLD,2026,2118
2026-02-18,RSV,QLD,2026,2559
2026-02-25,RSV,QLD,2026,3102
2026-03-04,RSV,QLD,2026,3673
2026-03-11,RSV,QLD,2026,4364
2026-03-18,RSV,QLD,2026,5067
2026-03-25,RSV,QLD,2026,5938
2026-04-01,RSV,QLD,2026,6805
2026-04-08,RSV,QLD,2026,7460
2026-04-15,RSV,QLD,2026,8308
2026-04-22,RSV,QLD,2026,8953
2026-04-29,RSV,QLD,2026,9562
2026-05-06,RSV,QLD,2026,10036
2026-05-13,RSV,QLD,2026,10646
2026-05-20,RSV,QLD,2026,11287
2026-05-27,RSV,QLD,2026,12060
2026-06-03,RSV,QLD,2026,12843
2026-06-10,RSV,QLD,2026,13642
2026-06-24,RSV,QLD,2026,15281
2026-07-01,RSV,QLD,2026,16051
2026-07-08,RSV,QLD,2026,16702
2026-07-15,RSV,QLD,2026,17630
2024-11-20,RSV,SA,2024,11864
2024-11-27,RSV,SA,2024,11925
2024-12-04,RSV,SA,2024,11970
2024-12-11,RSV,SA,2024,11997
2024-12-18,RSV,SA,2024,12056
2024-12-25,RSV,SA,2024,12099
2025-01-02,RSV,SA,2025,0
2025-01-08,RSV,SA,2025,23
2025-01-15,RSV,SA,2025,57
2025-01-22,RSV,SA,2025,99
2025-01-29,RSV,SA,2025,170
2025-02-05,RSV,SA,2025,214
2025-02-13,RSV,SA,2025,267
2025-02-19,RSV,SA,2025,311
2025-02-26,RSV,SA,2025,369
2025-03-05,RSV,SA,2025,431
2025-03-12,RSV,SA,2025,494
2025-03-19,RSV,SA,2025,538
2025-03-26,RSV,SA,2025,644
2025-04-02,RSV,SA,2025,704
2025-04-09,RSV,SA,2025,824
2025-04-16,RSV,SA,2025,935
2025-04-23,RSV,SA,2025,1025
2025-04-30,RSV,SA,2025,1127
2025-05-07,RSV,SA,2025,1240
2025-05-14,RSV,SA,2025,1350
2025-05-21,RSV,SA,2025,1481
2025-06-04,RSV,SA,2025,1844
2025-06-11,RSV,SA,2025,2045
2025-06-18,RSV,SA,2025,2344
2025-06-25,RSV,SA,2025,2671
2025-07-02,RSV,SA,2025,3033
2025-07-09,RSV,SA,2025,3498
2025-07-16,RSV,SA,2025,4056
2025-07-23,RSV,SA,2025,4704
2025-07-30,RSV,SA,2025,5379
2025-08-06,RSV,SA,2025,6088
2025-08-13,RSV,SA,2025,6891
2025-08-20,RSV,SA,2025,7750
2025-08-27,RSV,SA,2025,8545
2025-09-03,RSV,SA,2025,9357
2025-09-10,RSV,SA,2025,10071
2025-09-17,RSV,SA,2025,10653
2025-09-24,RSV,SA,2025,11099
2025-10-01,RSV,SA,2025,11455
2025-10-15,RSV,SA,2025,11929
2025-10-22,RSV,SA,2025,12070
2025-10-29,RSV,SA,2025,12186
2025-11-05,RSV,SA,2025,12333
2025-11-12,RSV,SA,2025,12434
2025-11-19,RSV,SA,2025,12539
2025-11-26,RSV,SA,2025,12607
2025-12-03,RSV,SA,2025,12683
2025-12-10,RSV,SA,2025,12737
2025-12-17,RSV,SA,2025,12795
2025-12-24,RSV,SA,2025,12866
2026-01-02,RSV,SA,2026,0
2026-01-07,RSV,SA,2026,38
2026-01-14,RSV,SA,2026,86
2026-01-21,RSV,SA,2026,126
2026-01-28,RSV,SA,2026,147
2026-02-04,RSV,SA,2026,198
2026-02-11,RSV,SA,2026,252
2026-02-18,RSV,SA,2026,309
2026-02-25,RSV,SA,2026,366
2026-03-04,RSV,SA,2026,419
2026-03-11,RSV,SA,2026,465
2026-03-18,RSV,SA,2026,528
2026-03-25,RSV,SA,2026,586
2026-04-01,RSV,SA,2026,654
2026-04-08,RSV,SA,2026,714
2026-04-15,RSV,SA,2026,779
2026-04-22,RSV,SA,2026,836
2026-04-29,RSV,SA,2026,902
2026-05-06,RSV,SA,2026,978
2026-05-13,RSV,SA,2026,1052
2026-05-20,RSV,SA,2026,1176
2026-05-27,RSV,SA,2026,1308
2026-06-03,RSV,SA,2026,1466
2026-06-10,RSV,SA,2026,1628
2026-06-24,RSV,SA,2026,2167
2026-07-01,RSV,SA,2026,2589
2026-07-08,RSV,SA,2026,3054
2026-07-15,RSV,SA,2026,3881
2024-11-20,RSV,TAS,2024,2719
2024-11-27,RSV,TAS,2024,2748
2024-12-04,RSV,TAS,2024,2776
2024-12-11,RSV,TAS,2024,2814
2024-12-18,RSV,TAS,2024,2846
2024-12-25,RSV,TAS,2024,2868
2025-01-02,RSV,TAS,2025,0
2025-01-08,RSV,TAS,2025,0
2025-01-15,RSV,TAS,2025,26
2025-01-22,RSV,TAS,2025,45
2025-01-29,RSV,TAS,2025,68
2025-02-05,RSV,TAS,2025,77
2025-02-13,RSV,TAS,2025,84
2025-02-19,RSV,TAS,2025,86
2025-02-26,RSV,TAS,2025,110
2025-03-05,RSV,TAS,2025,118
2025-03-12,RSV,TAS,2025,130
2025-03-19,RSV,TAS,2025,146
2025-03-26,RSV,TAS,2025,149
2025-04-02,RSV,TAS,2025,162
2025-04-09,RSV,TAS,2025,169
2025-04-16,RSV,TAS,2025,183
2025-04-23,RSV,TAS,2025,201
2025-04-30,RSV,TAS,2025,227
2025-05-07,RSV,TAS,2025,268
2025-05-14,RSV,TAS,2025,268
2025-05-21,RSV,TAS,2025,346
2025-06-04,RSV,TAS,2025,449
2025-06-11,RSV,TAS,2025,504
2025-06-18,RSV,TAS,2025,553
2025-06-25,RSV,TAS,2025,642
2025-07-02,RSV,TAS,2025,718
2025-07-09,RSV,TAS,2025,818
2025-07-16,RSV,TAS,2025,921
2025-07-23,RSV,TAS,2025,1013
2025-07-30,RSV,TAS,2025,1161
2025-08-06,RSV,TAS,2025,1308
2025-08-13,RSV,TAS,2025,1478
2025-08-20,RSV,TAS,2025,1597
2025-08-27,RSV,TAS,2025,1769
2025-09-03,RSV,TAS,2025,1948
2025-09-10,RSV,TAS,2025,2092
2025-09-17,RSV,TAS,2025,2211
2025-09-24,RSV,TAS,2025,2393
2025-10-01,RSV,TAS,2025,2491
2025-10-15,RSV,TAS,2025,2661
2025-10-22,RSV,TAS,2025,2727
2025-10-29,RSV,TAS,2025,2783
2025-11-05,RSV,TAS,2025,2832
2025-11-12,RSV,TAS,2025,2869
2025-11-19,RSV,TAS,2025,2905
2025-11-26,RSV,TAS,2025,2930
2025-12-03,RSV,TAS,2025,2960
2025-12-10,RSV,TAS,2025,2981
2025-12-17,RSV,TAS,2025,3001
2025-12-24,RSV,TAS,2025,3027
2026-01-02,RSV,TAS,2026,0
2026-01-07,RSV,TAS,2026,0
2026-01-14,RSV,TAS,2026,28
2026-01-21,RSV,TAS,2026,44
2026-01-28,RSV,TAS,2026,60
2026-02-04,RSV,TAS,2026,73
2026-02-11,RSV,TAS,2026,84
2026-02-18,RSV,TAS,2026,102
2026-02-25,RSV,TAS,2026,117
2026-03-04,RSV,TAS,2026,134
2026-03-11,RSV,TAS,2026,148
2026-03-18,RSV,TAS,2026,169
2026-03-25,RSV,TAS,2026,190
2026-04-01,RSV,TAS,2026,222
2026-04-08,RSV,TAS,2026,248
2026-04-15,RSV,TAS,2026,275
2026-04-22,RSV,TAS,2026,298
2026-04-29,RSV,TAS,2026,327
2026-05-06,RSV,TAS,2026,358
2026-05-13,RSV,TAS,2026,394
2026-05-20,RSV,TAS,2026,450
2026-05-27,RSV,TAS,2026,503
2026-06-03,RSV,TAS,2026,544
2026-06-10,RSV,TAS,2026,604
2026-06-24,RSV,TAS,2026,786
2026-07-01,RSV,TAS,2026,889
2026-07-08,RSV,TAS,2026,1010
2026-07-15,RSV,TAS,2026,1140
2024-11-20,RSV,VIC,2024,29964
2024-11-27,RSV,VIC,2024,30085
2024-12-04,RSV,VIC,2024,30220
2024-12-11,RSV,VIC,2024,30361
2024-12-18,RSV,VIC,2024,30478
2024-12-25,RSV,VIC,2024,30640
2025-01-02,RSV,VIC,2025,0
2025-01-08,RSV,VIC,2025,84
2025-01-15,RSV,VIC,2025,206
2025-01-22,RSV,VIC,2025,327
2025-01-29,RSV,VIC,2025,450
2025-02-05,RSV,VIC,2025,640
2025-02-13,RSV,VIC,2025,853
2025-02-19,RSV,VIC,2025,977
2025-02-26,RSV,VIC,2025,1231
2025-03-05,RSV,VIC,2025,1479
2025-03-12,RSV,VIC,2025,1695
2025-03-19,RSV,VIC,2025,1964
2025-03-26,RSV,VIC,2025,2239
2025-04-02,RSV,VIC,2025,2642
2025-04-09,RSV,VIC,2025,3160
2025-04-16,RSV,VIC,2025,3401
2025-04-23,RSV,VIC,2025,3641
2025-04-30,RSV,VIC,2025,4637
2025-05-07,RSV,VIC,2025,5196
2025-05-14,RSV,VIC,2025,5989
2025-05-21,RSV,VIC,2025,6843
2025-06-04,RSV,VIC,2025,9195
2025-06-11,RSV,VIC,2025,10518
2025-06-18,RSV,VIC,2025,12115
2025-06-25,RSV,VIC,2025,14162
2025-07-02,RSV,VIC,2025,16268
2025-07-09,RSV,VIC,2025,17361
2025-07-16,RSV,VIC,2025,20349
2025-07-23,RSV,VIC,2025,22794
2025-07-30,RSV,VIC,2025,24668
2025-08-06,RSV,VIC,2025,26180
2025-08-13,RSV,VIC,2025,27767
2025-08-20,RSV,VIC,2025,29101
2025-08-27,RSV,VIC,2025,30493
2025-09-03,RSV,VIC,2025,31669
2025-09-10,RSV,VIC,2025,32770
2025-09-17,RSV,VIC,2025,33758
2025-09-24,RSV,VIC,2025,34485
2025-10-01,RSV,VIC,2025,34987
2025-10-15,RSV,VIC,2025,35921
2025-10-22,RSV,VIC,2025,36276
2025-10-29,RSV,VIC,2025,36581
2025-11-05,RSV,VIC,2025,36797
2025-11-12,RSV,VIC,2025,37052
2025-11-19,RSV,VIC,2025,37274
2025-11-26,RSV,VIC,2025,37465
2025-12-03,RSV,VIC,2025,37657
2025-12-10,RSV,VIC,2025,37854
2025-12-17,RSV,VIC,2025,38051
2025-12-24,RSV,VIC,2025,38238
2026-01-02,RSV,VIC,2026,0
2026-01-07,RSV,VIC,2026,100
2026-01-14,RSV,VIC,2026,302
2026-01-21,RSV,VIC,2026,440
2026-01-28,RSV,VIC,2026,558
2026-02-04,RSV,VIC,2026,740
2026-02-11,RSV,VIC,2026,877
2026-02-18,RSV,VIC,2026,1018
2026-02-25,RSV,VIC,2026,1175
2026-03-04,RSV,VIC,2026,1361
2026-03-11,RSV,VIC,2026,1520
2026-03-18,RSV,VIC,2026,1789
2026-03-25,RSV,VIC,2026,2010
2026-04-01,RSV,VIC,2026,2330
2026-04-08,RSV,VIC,2026,2565
2026-04-15,RSV,VIC,2026,2966
2026-04-22,RSV,VIC,2026,3357
2026-04-29,RSV,VIC,2026,3756
2026-05-06,RSV,VIC,2026,4209
2026-05-13,RSV,VIC,2026,4682
2026-05-20,RSV,VIC,2026,5313
2026-05-27,RSV,VIC,2026,6126
2026-06-03,RSV,VIC,2026,7103
2026-06-10,RSV,VIC,2026,8154
2026-06-24,RSV,VIC,2026,10950
2026-07-01,RSV,VIC,2026,12701
2026-07-08,RSV,VIC,2026,14430
2026-07-15,RSV,VIC,2026,16237
2024-11-20,RSV,WA,2024,8951
2024-11-27,RSV,WA,2024,9009
2024-12-04,RSV,WA,2024,9062
2024-12-11,RSV,WA,2024,9114
2024-12-18,RSV,WA,2024,9171
2024-12-25,RSV,WA,2024,9229
2025-01-02,RSV,WA,2025,0
2025-01-15,RSV,WA,2025,98
2025-01-22,RSV,WA,2025,151
2025-01-29,RSV,WA,2025,214
2025-02-05,RSV,WA,2025,267
2025-02-13,RSV,WA,2025,341
2025-02-19,RSV,WA,2025,405
2025-02-26,RSV,WA,2025,491
2025-03-05,RSV,WA,2025,558
2025-03-12,RSV,WA,2025,624
2025-03-19,RSV,WA,2025,692
2025-03-26,RSV,WA,2025,777
2025-04-02,RSV,WA,2025,858
2025-04-09,RSV,WA,2025,925
2025-04-16,RSV,WA,2025,1006
2025-04-23,RSV,WA,2025,1083
2025-04-30,RSV,WA,2025,1159
2025-05-07,RSV,WA,2025,1245
2025-05-14,RSV,WA,2025,1350
2025-05-21,RSV,WA,2025,1480
2025-06-04,RSV,WA,2025,1738
2025-06-11,RSV,WA,2025,1933
2025-06-18,RSV,WA,2025,2160
2025-06-25,RSV,WA,2025,2453
2025-07-02,RSV,WA,2025,2884
2025-07-09,RSV,WA,2025,3375
2025-07-16,RSV,WA,2025,4120
2025-07-23,RSV,WA,2025,4924
2025-07-30,RSV,WA,2025,5609
2025-08-06,RSV,WA,2025,6407
2025-08-13,RSV,WA,2025,7167
2025-08-20,RSV,WA,2025,7962
2025-08-27,RSV,WA,2025,8702
2025-09-03,RSV,WA,2025,9331
2025-09-10,RSV,WA,2025,9908
2025-09-17,RSV,WA,2025,10385
2025-09-24,RSV,WA,2025,10836
2025-10-01,RSV,WA,2025,11173
2025-10-15,RSV,WA,2025,11621
2025-10-22,RSV,WA,2025,11815
2025-10-29,RSV,WA,2025,11973
2025-11-05,RSV,WA,2025,12090
2025-11-12,RSV,WA,2025,12219
2025-11-19,RSV,WA,2025,12323
2025-11-26,RSV,WA,2025,12407
2025-12-03,RSV,WA,2025,12500
2025-12-10,RSV,WA,2025,12596
2025-12-17,RSV,WA,2025,12675
2025-12-24,RSV,WA,2025,12756
2026-01-02,RSV,WA,2026,0
2026-01-07,RSV,WA,2026,16
2026-01-14,RSV,WA,2026,71
2026-01-21,RSV,WA,2026,132
2026-01-28,RSV,WA,2026,186
2026-02-04,RSV,WA,2026,252
2026-02-11,RSV,WA,2026,306
2026-02-18,RSV,WA,2026,371
2026-02-25,RSV,WA,2026,442
2026-03-04,RSV,WA,2026,512
2026-03-11,RSV,WA,2026,601
2026-03-18,RSV,WA,2026,686
2026-03-25,RSV,WA,2026,769
2026-04-01,RSV,WA,2026,884
2026-04-08,RSV,WA,2026,971
2026-04-15,RSV,WA,2026,1069
2026-04-22,RSV,WA,2026,1211
2026-04-29,RSV,WA,2026,1340
2026-05-06,RSV,WA,2026,1451
2026-05-13,RSV,WA,2026,1579
2026-05-20,RSV,WA,2026,1744
2026-05-27,RSV,WA,2026,1931
2026-06-03,RSV,WA,2026,2138
2026-06-10,RSV,WA,2026,2363
2026-06-24,RSV,WA,2026,3157
2026-07-01,RSV,WA,2026,3757
2026-07-08,RSV,WA,2026,4364
2026-07-15,RSV,WA,2026,5106
2025-10-08,RSV,NSW,2025,66422
2025-10-08,RSV,NT,2025,770
2025-10-08,RSV,QLD,2025,29447
2025-10-08,RSV,SA,2025,11714
2025-10-08,RSV,TAS,2025,2583
2025-10-08,RSV,VIC,2025,35516
2025-10-08,RSV,WA,2025,11434
2025-10-08,RSV,National,2025,160696
2026-07-22,COVID-19,ACT,2026,767
2026-07-22,COVID-19,NSW,2026,25834
2026-07-22,COVID-19,NT,2026,262
2026-07-22,COVID-19,QLD,2026,10818
2026-07-22,COVID-19,SA,2026,3716
2026-07-22,COVID-19,TAS,2026,802
2026-07-22,COVID-19,VIC,2026,8947
2026-07-22,COVID-19,WA,2026,2980
2026-07-22,COVID-19,National,2026,54126
2026-07-22,Influenza,ACT,2026,428
2026-07-22,Influenza,NSW,2026,28170
2026-07-22,Influenza,NT,2026,685
2026-07-22,Influenza,QLD,2026,11596
2026-07-22,Influenza,SA,2026,2306
2026-07-22,Influenza,TAS,2026,406
2026-07-22,Influenza,VIC,2026,7805
2026-07-22,Influenza,WA,2026,4654
2026-07-22,Influenza,National,2026,56050
2026-07-22,Measles,ACT,2026,3
2026-07-22,Measles,NSW,2026,53
2026-07-22,Measles,NT,2026,0
2026-07-22,Measles,QLD,2026,18
2026-07-22,Measles,SA,2026,3
2026-07-22,Measles,TAS,2026,0
2026-07-22,Measles,VIC,2026,30
2026-07-22,Measles,WA,2026,5
2026-07-22,Measles,National,2026,112
2026-07-22,RSV,ACT,2026,993
2026-07-22,RSV,NSW,2026,43501
2026-07-22,RSV,NT,2026,819
2026-07-22,RSV,QLD,2026,18399
2026-07-22,RSV,SA,2026,4528
2026-07-22,RSV,TAS,2026,1305
2026-07-22,RSV,VIC,2026,17800
2026-07-22,RSV,WA,2026,5763
2026-07-22,RSV,National,2026,93108
2026-07-29,COVID-19,ACT,2026,801
2026-07-29,COVID-19,NSW,2026,26644
2026-07-29,COVID-19,NT,2026,268
2026-07-29,COVID-19,QLD,2026,11053
2026-07-29,COVID-19,SA,2026,3763
2026-07-29,COVID-19,TAS,2026,842
2026-07-29,COVID-19,VIC,2026,9416
2026-07-29,COVID-19,WA,2026,3111
2026-07-29,COVID-19,National,2026,55898
2026-07-29,Influenza,ACT,2026,495
2026-07-29,Influenza,NSW,2026,30891
2026-07-29,Influenza,NT,2026,694
2026-07-29,Influenza,QLD,2026,12228
2026-07-29,Influenza,SA,2026,2492
2026-07-29,Influenza,TAS,2026,437
2026-07-29,Influenza,VIC,2026,8473
2026-07-29,Influenza,WA,2026,5160
2026-07-29,Influenza,National,2026,60870
2026-07-29,Measles,ACT,2026,3
2026-07-29,Measles,NSW,2026,53
2026-07-29,Measles,NT,2026,0
2026-07-29,Measles,QLD,2026,18
2026-07-29,Measles,SA,2026,3
2026-07-29,Measles,TAS,2026,0
2026-07-29,Measles,VIC,2026,30
2026-07-29,Measles,WA,2026,5
2026-07-29,Measles,National,2026,112
2026-07-29,RSV,ACT,2026,1134
2026-07-29,RSV,NSW,2026,45254
2026-07-29,RSV,NT,2026,846
2026-07-29,RSV,QLD,2026,19068
2026-07-29,RSV,SA,2026,5215
2026-07-29,RSV,TAS,2026,1495
2026-07-29,RSV,VIC,2026,19331
2026-07-29,RSV,WA,2026,6441
2026-07-29,RSV,National,2026,98784
2026-08-05,COVID-19,ACT,2026,882
2026-08-05,COVID-19,NSW,2026,27549
2026-08-05,COVID-19,NT,2026,273
2026-08-05,COVID-19,QLD,2026,11316
2026-08-05,COVID-19,SA,2026,3854
2026-08-05,COVID-19,TAS,2026,885
2026-08-05,COVID-19,VIC,2026,9882
2026-08-05,COVID-19,WA,2026,3314
2026-08-05,COVID-19,National,2026,57955
2026-08-05,Influenza,ACT,2026,681
2026-08-05,Influenza,NSW,2026,34364
2026-08-05,Influenza,NT,2026,705
2026-08-05,Influenza,QLD,2026,13230
2026-08-05,Influenza,SA,2026,2722
2026-08-05,Influenza,TAS,2026,470
2026-08-05,Influenza,VIC,2026,9307
2026-08-05,Influenza,WA,2026,5662
2026-08-05,Influenza,National,2026,67141
2026-08-05,RSV,ACT,2026,1374
2026-08-05,RSV,NSW,2026,46956
2026-08-05,RSV,NT,2026,862
2026-08-05,RSV,QLD,2026,19754
2026-08-05,RSV,SA,2026,5904
2026-08-05,RSV,TAS,2026,1696
2026-08-05,RSV,VIC,2026,20716
2026-08-05,RSV,WA,2026,7030
2026-08-05,RSV,National,2026,104292
2026-08-05,Measles,ACT,2026,3
2026-08-05,Measles,NSW,2026,54
2026-08-05,Measles,NT,2026,0
2026-08-05,Measles,QLD,2026,18
2026-08-05,Measles,SA,2026,3
2026-08-05,Measles,TAS,2026,0
2026-08-05,Measles,VIC,2026,30
2026-08-05,Measles,WA,2026,5
2026-08-05,Measles,National,2026,113
2026-08-12,COVID-19,ACT,2026,928
2026-08-12,COVID-19,NSW,2026,28465
2026-08-12,COVID-19,NT,2026,280
2026-08-12,COVID-19,QLD,2026,11577
2026-08-12,COVID-19,SA,2026,3936
2026-08-12,COVID-19,TAS,2026,931
2026-08-12,COVID-19,VIC,2026,10565
2026-08-12,COVID-19,WA,2026,3490
2026-08-12,COVID-19,National,2026,60172
2026-08-12,Influenza,ACT,2026,903
2026-08-12,Influenza,NSW,2026,39182
2026-08-12,Influenza,NT,2026,728
2026-08-12,Influenza,QLD,2026,14354
2026-08-12,Influenza,SA,2026,3100
2026-08-12,Influenza,TAS,2026,520
2026-08-12,Influenza,VIC,2026,10703
2026-08-12,Influenza,WA,2026,6240
2026-08-12,Influenza,National,2026,75730
2026-08-12,RSV,ACT,2026,1520
2026-08-12,RSV,NSW,2026,48464
2026-08-12,RSV,NT,2026,880
2026-08-12,RSV,QLD,2026,20361
2026-08-12,RSV,SA,2026,6601
2026-08-12,RSV,TAS,2026,1836
2026-08-12,RSV,VIC,2026,22111
2026-08-12,RSV,WA,2026,7550
2026-08-12,RSV,National,2026,109323
2026-08-12,Measles,ACT,2026,3
2026-08-12,Measles,NSW,2026,53
2026-08-12,Measles,NT,2026,0
2026-08-12,Measles,QLD,2026,19
2026-08-12,Measles,SA,2026,3
2026-08-12,Measles,TAS,2026,0
2026-08-12,Measles,VIC,2026,30
2026-08-12,Measles,WA,2026,5
2026-08-12,Measles,National,2026,113
2026-08-19,COVID-19,National,1991,0
2026-08-19,COVID-19,ACT,1991,0
2026-08-19,COVID-19,NSW,1991,0
2026-08-19,COVID-19,NT,1991,0
2026-08-19,COVID-19,QLD,1991,0
2026-08-19,COVID-19,SA,1991,0
2026-08-19,COVID-19,TAS,1991,0
2026-08-19,COVID-19,VIC,1991,0
2026-08-19,COVID-19,WA,1991,0
2026-08-19,COVID-19,National,1992,0
2026-08-19,COVID-19,ACT,1992,0
2026-08-19,COVID-19,NSW,1992,0
2026-08-19,COVID-19,NT,1992,0
2026-08-19,COVID-19,QLD,1992,0
2026-08-19,COVID-19,SA,1992,0
2026-08-19,COVID-19,TAS,1992,0
2026-08-19,COVID-19,VIC,1992,0
2026-08-19,COVID-19,WA,1992,0
2026-08-19,COVID-19,National,1993,0
2026-08-19,COVID-19,ACT,1993,0
2026-08-19,COVID-19,NSW,1993,0
2026-08-19,COVID-19,NT,1993,0
2026-08-19,COVID-19,QLD,1993,0
2026-08-19,COVID-19,SA,1993,0
2026-08-19,COVID-19,TAS,1993,0
2026-08-19,COVID-19,VIC,1993,0
2026-08-19,COVID-19,WA,1993,0
2026-08-19,COVID-19,National,1994,0
2026-08-19,COVID-19,ACT,1994,0
2026-08-19,COVID-19,NSW,1994,0
2026-08-19,COVID-19,NT,1994,0
2026-08-19,COVID-19,QLD,1994,0
2026-08-19,COVID-19,SA,1994,0
2026-08-19,COVID-19,TAS,1994,0
2026-08-19,COVID-19,VIC,1994,0
2026-08-19,COVID-19,WA,1994,0
2026-08-19,COVID-19,National,1995,0
2026-08-19,COVID-19,ACT,1995,0
2026-08-19,COVID-19,NSW,1995,0
2026-08-19,COVID-19,NT,1995,0
2026-08-19,COVID-19,QLD,1995,0
2026-08-19,COVID-19,SA,1995,0
2026-08-19,COVID-19,TAS,1995,0
2026-08-19,COVID-19,VIC,1995,0
2026-08-19,COVID-19,WA,1995,0
2026-08-19,COVID-19,National,1996,0
2026-08-19,COVID-19,ACT,1996,0
2026-08-19,COVID-19,NSW,1996,0
2026-08-19,COVID-19,NT,1996,0
2026-08-19,COVID-19,QLD,1996,0
2026-08-19,COVID-19,SA,1996,0
2026-08-19,COVID-19,TAS,1996,0
2026-08-19,COVID-19,VIC,1996,0
2026-08-19,COVID-19,WA,1996,0
2026-08-19,COVID-19,National,1997,0
2026-08-19,COVID-19,ACT,1997,0
2026-08-19,COVID-19,NSW,1997,0
2026-08-19,COVID-19,NT,1997,0
2026-08-19,COVID-19,QLD,1997,0
2026-08-19,COVID-19,SA,1997,0
2026-08-19,COVID-19,TAS,1997,0
2026-08-19,COVID-19,VIC,1997,0
2026-08-19,COVID-19,WA,1997,0
2026-08-19,COVID-19,National,1998,0
2026-08-19,COVID-19,ACT,1998,0
2026-08-19,COVID-19,NSW,1998,0
2026-08-19,COVID-19,NT,1998,0
2026-08-19,COVID-19,QLD,1998,0
2026-08-19,COVID-19,SA,1998,0
2026-08-19,COVID-19,TAS,1998,0
2026-08-19,COVID-19,VIC,1998,0
2026-08-19,COVID-19,WA,1998,0
2026-08-19,COVID-19,National,1999,0
2026-08-19,COVID-19,ACT,1999,0
2026-08-19,COVID-19,NSW,1999,0
2026-08-19,COVID-19,NT,1999,0
2026-08-19,COVID-19,QLD,1999,0
2026-08-19,COVID-19,SA,1999,0
2026-08-19,COVID-19,TAS,1999,0
2026-08-19,COVID-19,VIC,1999,0
2026-08-19,COVID-19,WA,1999,0
2026-08-19,COVID-19,National,2000,0
2026-08-19,COVID-19,ACT,2000,0
2026-08-19,COVID-19,NSW,2000,0
2026-08-19,COVID-19,NT,2000,0
2026-08-19,COVID-19,QLD,2000,0
2026-08-19,COVID-19,SA,2000,0
2026-08-19,COVID-19,TAS,2000,0
2026-08-19,COVID-19,VIC,2000,0
2026-08-19,COVID-19,WA,2000,0
2026-08-19,COVID-19,National,2001,0
2026-08-19,COVID-19,ACT,2001,0
2026-08-19,COVID-19,NSW,2001,0
2026-08-19,COVID-19,NT,2001,0
2026-08-19,COVID-19,QLD,2001,0
2026-08-19,COVID-19,SA,2001,0
2026-08-19,COVID-19,TAS,2001,0
2026-08-19,COVID-19,VIC,2001,0
2026-08-19,COVID-19,WA,2001,0
2026-08-19,COVID-19,National,2002,0
2026-08-19,COVID-19,ACT,2002,0
2026-08-19,COVID-19,NSW,2002,0
2026-08-19,COVID-19,NT,2002,0
2026-08-19,COVID-19,QLD,2002,0
2026-08-19,COVID-19,SA,2002,0
2026-08-19,COVID-19,TAS,2002,0
2026-08-19,COVID-19,VIC,2002,0
2026-08-19,COVID-19,WA,2002,0
2026-08-19,COVID-19,National,2003,0
2026-08-19,COVID-19,ACT,2003,0
2026-08-19,COVID-19,NSW,2003,0
2026-08-19,COVID-19,NT,2003,0
2026-08-19,COVID-19,QLD,2003,0
2026-08-19,COVID-19,SA,2003,0
2026-08-19,COVID-19,TAS,2003,0
2026-08-19,COVID-19,VIC,2003,0
2026-08-19,COVID-19,WA,2003,0
2026-08-19,COVID-19,National,2004,0
2026-08-19,COVID-19,ACT,2004,0
2026-08-19,COVID-19,NSW,2004,0
2026-08-19,COVID-19,NT,2004,0
2026-08-19,COVID-19,QLD,2004,0
2026-08-19,COVID-19,SA,2004,0
2026-08-19,COVID-19,TAS,2004,0
2026-08-19,COVID-19,VIC,2004,0
2026-08-19,COVID-19,WA,2004,0
2026-08-19,COVID-19,National,2005,0
2026-08-19,COVID-19,ACT,2005,0
2026-08-19,COVID-19,NSW,2005,0
2026-08-19,COVID-19,NT,2005,0
2026-08-19,COVID-19,QLD,2005,0
2026-08-19,COVID-19,SA,2005,0
2026-08-19,COVID-19,TAS,2005,0
2026-08-19,COVID-19,VIC,2005,0
2026-08-19,COVID-19,WA,2005,0
2026-08-19,COVID-19,National,2006,0
2026-08-19,COVID-19,ACT,2006,0
2026-08-19,COVID-19,NSW,2006,0
2026-08-19,COVID-19,NT,2006,0
2026-08-19,COVID-19,QLD,2006,0
2026-08-19,COVID-19,SA,2006,0
2026-08-19,COVID-19,TAS,2006,0
2026-08-19,COVID-19,VIC,2006,0
2026-08-19,COVID-19,WA,2006,0
2026-08-19,COVID-19,National,2007,0
2026-08-19,COVID-19,ACT,2007,0
2026-08-19,COVID-19,NSW,2007,0
2026-08-19,COVID-19,NT,2007,0
2026-08-19,COVID-19,QLD,2007,0
2026-08-19,COVID-19,SA,2007,0
2026-08-19,COVID-19,TAS,2007,0
2026-08-19,COVID-19,VIC,2007,0
2026-08-19,COVID-19,WA,2007,0
2026-08-19,COVID-19,National,2008,0
2026-08-19,COVID-19,ACT,2008,0
2026-08-19,COVID-19,NSW,2008,0
2026-08-19,COVID-19,NT,2008,0
2026-08-19,COVID-19,QLD,2008,0
2026-08-19,COVID-19,SA,2008,0
2026-08-19,COVID-19,TAS,2008,0
2026-08-19,COVID-19,VIC,2008,0
2026-08-19,COVID-19,WA,2008,0
2026-08-19,COVID-19,National,2009,0
2026-08-19,COVID-19,ACT,2009,0
2026-08-19,COVID-19,NSW,2009,0
2026-08-19,COVID-19,NT,2009,0
2026-08-19,COVID-19,QLD,2009,0
2026-08-19,COVID-19,SA,2009,0
2026-08-19,COVID-19,TAS,2009,0
2026-08-19,COVID-19,VIC,2009,0
2026-08-19,COVID-19,WA,2009,0
2026-08-19,COVID-19,National,2010,0
2026-08-19,COVID-19,ACT,2010,0
2026-08-19,COVID-19,NSW,2010,0
2026-08-19,COVID-19,NT,2010,0
2026-08-19,COVID-19,QLD,2010,0
2026-08-19,COVID-19,SA,2010,0
2026-08-19,COVID-19,TAS,2010,0
2026-08-19,COVID-19,VIC,2010,0
2026-08-19,COVID-19,WA,2010,0
2026-08-19,COVID-19,National,2011,0
2026-08-19,COVID-19,ACT,2011,0
2026-08-19,COVID-19,NSW,2011,0
2026-08-19,COVID-19,NT,2011,0
2026-08-19,COVID-19,QLD,2011,0
2026-08-19,COVID-19,SA,2011,0
2026-08-19,COVID-19,TAS,2011,0
2026-08-19,COVID-19,VIC,2011,0
2026-08-19,COVID-19,WA,2011,0
2026-08-19,COVID-19,National,2012,0
2026-08-19,COVID-19,ACT,2012,0
2026-08-19,COVID-19,NSW,2012,0
2026-08-19,COVID-19,NT,2012,0
2026-08-19,COVID-19,QLD,2012,0
2026-08-19,COVID-19,SA,2012,0
2026-08-19,COVID-19,TAS,2012,0
2026-08-19,COVID-19,VIC,2012,0
2026-08-19,COVID-19,WA,2012,0
2026-08-19,COVID-19,National,2013,0
2026-08-19,COVID-19,ACT,2013,0
2026-08-19,COVID-19,NSW,2013,0
2026-08-19,COVID-19,NT,2013,0
2026-08-19,COVID-19,QLD,2013,0
2026-08-19,COVID-19,SA,2013,0
2026-08-19,COVID-19,TAS,2013,0
2026-08-19,COVID-19,VIC,2013,0
2026-08-19,COVID-19,WA,2013,0
2026-08-19,COVID-19,National,2014,0
2026-08-19,COVID-19,ACT,2014,0
2026-08-19,COVID-19,NSW,2014,0
2026-08-19,COVID-19,NT,2014,0
2026-08-19,COVID-19,QLD,2014,0
2026-08-19,COVID-19,SA,2014,0
2026-08-19,COVID-19,TAS,2014,0
2026-08-19,COVID-19,VIC,2014,0
2026-08-19,COVID-19,WA,2014,0
2026-08-19,COVID-19,National,2015,0
2026-08-19,COVID-19,ACT,2015,0
2026-08-19,COVID-19,NSW,2015,0
2026-08-19,COVID-19,NT,2015,0
2026-08-19,COVID-19,QLD,2015,0
2026-08-19,COVID-19,SA,2015,0
2026-08-19,COVID-19,TAS,2015,0
2026-08-19,COVID-19,VIC,2015,0
2026-08-19,COVID-19,WA,2015,0
2026-08-19,COVID-19,National,2016,0
2026-08-19,COVID-19,ACT,2016,0
2026-08-19,COVID-19,NSW,2016,0
2026-08-19,COVID-19,NT,2016,0
2026-08-19,COVID-19,QLD,2016,0
2026-08-19,COVID-19,SA,2016,0
2026-08-19,COVID-19,TAS,2016,0
2026-08-19,COVID-19,VIC,2016,0
2026-08-19,COVID-19,WA,2016,0
2026-08-19,COVID-19,National,2017,0
2026-08-19,COVID-19,ACT,2017,0
2026-08-19,COVID-19,NSW,2017,0
2026-08-19,COVID-19,NT,2017,0
2026-08-19,COVID-19,QLD,2017,0
2026-08-19,COVID-19,SA,2017,0
2026-08-19,COVID-19,TAS,2017,0
2026-08-19,COVID-19,VIC,2017,0
2026-08-19,COVID-19,WA,2017,0
2026-08-19,COVID-19,National,2018,0
2026-08-19,COVID-19,ACT,2018,0
2026-08-19,COVID-19,NSW,2018,0
2026-08-19,COVID-19,NT,2018,0
2026-08-19,COVID-19,QLD,2018,0
2026-08-19,COVID-19,SA,2018,0
2026-08-19,COVID-19,TAS,2018,0
2026-08-19,COVID-19,VIC,2018,0
2026-08-19,COVID-19,WA,2018,0
2026-08-19,COVID-19,National,2019,0
2026-08-19,COVID-19,ACT,2019,0
2026-08-19,COVID-19,NSW,2019,0
2026-08-19,COVID-19,NT,2019,0
2026-08-19,COVID-19,QLD,2019,0
2026-08-19,COVID-19,SA,2019,0
2026-08-19,COVID-19,TAS,2019,0
2026-08-19,COVID-19,VIC,2019,0
2026-08-19,COVID-19,WA,2019,0
2026-08-19,COVID-19,National,2020,28117
2026-08-19,COVID-19,ACT,2020,163
2026-08-19,COVID-19,NSW,2020,4986
2026-08-19,COVID-19,NT,2020,80
2026-08-19,COVID-19,QLD,2020,1295
2026-08-19,COVID-19,SA,2020,614
2026-08-19,COVID-19,TAS,2020,247
2026-08-19,COVID-19,VIC,2020,20729
2026-08-19,COVID-19,WA,2020,3
2026-08-19,COVID-19,National,2021,538201
2026-08-19,COVID-19,ACT,2021,6404
2026-08-19,COVID-19,NSW,2021,279698
2026-08-19,COVID-19,NT,2021,749
2026-08-19,COVID-19,QLD,2021,31616
2026-08-19,COVID-19,SA,2021,18631
2026-08-19,COVID-19,TAS,2021,1632
2026-08-19,COVID-19,VIC,2021,199405
2026-08-19,COVID-19,WA,2021,66
2026-08-19,COVID-19,National,2022,10285239
2026-08-19,COVID-19,ACT,2022,221268
2026-08-19,COVID-19,NSW,2022,3356904
2026-08-19,COVID-19,NT,2022,103137
2026-08-19,COVID-19,QLD,2022,1586920
2026-08-19,COVID-19,SA,2022,850008
2026-08-19,COVID-19,TAS,2022,279578
2026-08-19,COVID-19,VIC,2022,2621398
2026-08-19,COVID-19,WA,2022,1266026
2026-08-19,COVID-19,National,2023,863099
2026-08-19,COVID-19,ACT,2023,23303
2026-08-19,COVID-19,NSW,2023,308473
2026-08-19,COVID-19,NT,2023,6665
2026-08-19,COVID-19,QLD,2023,140251
2026-08-19,COVID-19,SA,2023,95164
2026-08-19,COVID-19,TAS,2023,34427
2026-08-19,COVID-19,VIC,2023,159290
2026-08-19,COVID-19,WA,2023,95526
2026-08-19,COVID-19,National,2024,341089
2026-08-19,COVID-19,ACT,2024,4791
2026-08-19,COVID-19,NSW,2024,133103
2026-08-19,COVID-19,NT,2024,2834
2026-08-19,COVID-19,QLD,2024,73662
2026-08-19,COVID-19,SA,2024,44111
2026-08-19,COVID-19,TAS,2024,12170
2026-08-19,COVID-19,VIC,2024,54330
2026-08-19,COVID-19,WA,2024,16088
2026-08-19,COVID-19,National,2025,185627
2026-08-19,COVID-19,ACT,2025,2985
2026-08-19,COVID-19,NSW,2025,81534
2026-08-19,COVID-19,NT,2025,1665
2026-08-19,COVID-19,QLD,2025,38232
2026-08-19,COVID-19,SA,2025,11466
2026-08-19,COVID-19,TAS,2025,2989
2026-08-19,COVID-19,VIC,2025,34697
2026-08-19,COVID-19,WA,2025,12059
2026-08-19,COVID-19,National,2026,62426
2026-08-19,COVID-19,ACT,2026,1002
2026-08-19,COVID-19,NSW,2026,29427
2026-08-19,COVID-19,NT,2026,288
2026-08-19,COVID-19,QLD,2026,11889
2026-08-19,COVID-19,SA,2026,4017
2026-08-19,COVID-19,TAS,2026,1001
2026-08-19,COVID-19,VIC,2026,11121
2026-08-19,COVID-19,WA,2026,3681
2026-08-19,Influenza,National,1991,0
2026-08-19,Influenza,ACT,1991,0
2026-08-19,Influenza,NSW,1991,0
2026-08-19,Influenza,NT,1991,0
2026-08-19,Influenza,QLD,1991,0
2026-08-19,Influenza,SA,1991,0
2026-08-19,Influenza,TAS,1991,0
2026-08-19,Influenza,VIC,1991,0
2026-08-19,Influenza,WA,1991,0
2026-08-19,Influenza,National,1992,0
2026-08-19,Influenza,ACT,1992,0
2026-08-19,Influenza,NSW,1992,0
2026-08-19,Influenza,NT,1992,0
2026-08-19,Influenza,QLD,1992,0
2026-08-19,Influenza,SA,1992,0
2026-08-19,Influenza,TAS,1992,0
2026-08-19,Influenza,VIC,1992,0
2026-08-19,Influenza,WA,1992,0
2026-08-19,Influenza,National,1993,0
2026-08-19,Influenza,ACT,1993,0
2026-08-19,Influenza,NSW,1993,0
2026-08-19,Influenza,NT,1993,0
2026-08-19,Influenza,QLD,1993,0
2026-08-19,Influenza,SA,1993,0
2026-08-19,Influenza,TAS,1993,0
2026-08-19,Influenza,VIC,1993,0
2026-08-19,Influenza,WA,1993,0
2026-08-19,Influenza,National,1994,0
2026-08-19,Influenza,ACT,1994,0
2026-08-19,Influenza,NSW,1994,0
2026-08-19,Influenza,NT,1994,0
2026-08-19,Influenza,QLD,1994,0
2026-08-19,Influenza,SA,1994,0
2026-08-19,Influenza,TAS,1994,0
2026-08-19,Influenza,VIC,1994,0
2026-08-19,Influenza,WA,1994,0
2026-08-19,Influenza,National,1995,0
2026-08-19,Influenza,ACT,1995,0
2026-08-19,Influenza,NSW,1995,0
2026-08-19,Influenza,NT,1995,0
2026-08-19,Influenza,QLD,1995,0
2026-08-19,Influenza,SA,1995,0
2026-08-19,Influenza,TAS,1995,0
2026-08-19,Influenza,VIC,1995,0
2026-08-19,Influenza,WA,1995,0
2026-08-19,Influenza,National,1996,0
2026-08-19,Influenza,ACT,1996,0
2026-08-19,Influenza,NSW,1996,0
2026-08-19,Influenza,NT,1996,0
2026-08-19,Influenza,QLD,1996,0
2026-08-19,Influenza,SA,1996,0
2026-08-19,Influenza,TAS,1996,0
2026-08-19,Influenza,VIC,1996,0
2026-08-19,Influenza,WA,1996,0
2026-08-19,Influenza,National,1997,0
2026-08-19,Influenza,ACT,1997,0
2026-08-19,Influenza,NSW,1997,0
2026-08-19,Influenza,NT,1997,0
2026-08-19,Influenza,QLD,1997,0
2026-08-19,Influenza,SA,1997,0
2026-08-19,Influenza,TAS,1997,0
2026-08-19,Influenza,VIC,1997,0
2026-08-19,Influenza,WA,1997,0
2026-08-19,Influenza,National,1998,0
2026-08-19,Influenza,ACT,1998,0
2026-08-19,Influenza,NSW,1998,0
2026-08-19,Influenza,NT,1998,0
2026-08-19,Influenza,QLD,1998,0
2026-08-19,Influenza,SA,1998,0
2026-08-19,Influenza,TAS,1998,0
2026-08-19,Influenza,VIC,1998,0
2026-08-19,Influenza,WA,1998,0
2026-08-19,Influenza,National,1999,0
2026-08-19,Influenza,ACT,1999,0
2026-08-19,Influenza,NSW,1999,0
2026-08-19,Influenza,NT,1999,0
2026-08-19,Influenza,QLD,1999,0
2026-08-19,Influenza,SA,1999,0
2026-08-19,Influenza,TAS,1999,0
2026-08-19,Influenza,VIC,1999,0
2026-08-19,Influenza,WA,1999,0
2026-08-19,Influenza,National,2000,0
2026-08-19,Influenza,ACT,2000,0
2026-08-19,Influenza,NSW,2000,0
2026-08-19,Influenza,NT,2000,0
2026-08-19,Influenza,QLD,2000,0
2026-08-19,Influenza,SA,2000,0
2026-08-19,Influenza,TAS,2000,0
2026-08-19,Influenza,VIC,2000,0
2026-08-19,Influenza,WA,2000,0
2026-08-19,Influenza,National,2001,1231
2026-08-19,Influenza,ACT,2001,14
2026-08-19,Influenza,NSW,2001,246
2026-08-19,Influenza,NT,2001,95
2026-08-19,Influenza,QLD,2001,394
2026-08-19,Influenza,SA,2001,137
2026-08-19,Influenza,TAS,2001,0
2026-08-19,Influenza,VIC,2001,177
2026-08-19,Influenza,WA,2001,168
2026-08-19,Influenza,National,2002,3730
2026-08-19,Influenza,ACT,2002,19
2026-08-19,Influenza,NSW,2002,1012
2026-08-19,Influenza,NT,2002,54
2026-08-19,Influenza,QLD,2002,1142
2026-08-19,Influenza,SA,2002,291
2026-08-19,Influenza,TAS,2002,7
2026-08-19,Influenza,VIC,2002,594
2026-08-19,Influenza,WA,2002,611
2026-08-19,Influenza,National,2003,3424
2026-08-19,Influenza,ACT,2003,8
2026-08-19,Influenza,NSW,2003,863
2026-08-19,Influenza,NT,2003,151
2026-08-19,Influenza,QLD,2003,888
2026-08-19,Influenza,SA,2003,311
2026-08-19,Influenza,TAS,2003,7
2026-08-19,Influenza,VIC,2003,645
2026-08-19,Influenza,WA,2003,551
2026-08-19,Influenza,National,2004,2067
2026-08-19,Influenza,ACT,2004,3
2026-08-19,Influenza,NSW,2004,937
2026-08-19,Influenza,NT,2004,39
2026-08-19,Influenza,QLD,2004,615
2026-08-19,Influenza,SA,2004,75
2026-08-19,Influenza,TAS,2004,3
2026-08-19,Influenza,VIC,2004,205
2026-08-19,Influenza,WA,2004,190
2026-08-19,Influenza,National,2005,4561
2026-08-19,Influenza,ACT,2005,42
2026-08-19,Influenza,NSW,2005,1414
2026-08-19,Influenza,NT,2005,61
2026-08-19,Influenza,QLD,2005,1691
2026-08-19,Influenza,SA,2005,277
2026-08-19,Influenza,TAS,2005,19
2026-08-19,Influenza,VIC,2005,595
2026-08-19,Influenza,WA,2005,462
2026-08-19,Influenza,National,2006,3313
2026-08-19,Influenza,ACT,2006,80
2026-08-19,Influenza,NSW,2006,677
2026-08-19,Influenza,NT,2006,41
2026-08-19,Influenza,QLD,2006,1747
2026-08-19,Influenza,SA,2006,89
2026-08-19,Influenza,TAS,2006,47
2026-08-19,Influenza,VIC,2006,421
2026-08-19,Influenza,WA,2006,211
2026-08-19,Influenza,National,2007,10533
2026-08-19,Influenza,ACT,2007,391
2026-08-19,Influenza,NSW,2007,2056
2026-08-19,Influenza,NT,2007,183
2026-08-19,Influenza,QLD,2007,4575
2026-08-19,Influenza,SA,2007,282
2026-08-19,Influenza,TAS,2007,416
2026-08-19,Influenza,VIC,2007,1597
2026-08-19,Influenza,WA,2007,1033
2026-08-19,Influenza,National,2008,9173
2026-08-19,Influenza,ACT,2008,244
2026-08-19,Influenza,NSW,2008,1854
2026-08-19,Influenza,NT,2008,200
2026-08-19,Influenza,QLD,2008,3696
2026-08-19,Influenza,SA,2008,474
2026-08-19,Influenza,TAS,2008,385
2026-08-19,Influenza,VIC,2008,1300
2026-08-19,Influenza,WA,2008,1020
2026-08-19,Influenza,National,2009,59035
2026-08-19,Influenza,ACT,2009,1264
2026-08-19,Influenza,NSW,2009,12841
2026-08-19,Influenza,NT,2009,1979
2026-08-19,Influenza,QLD,2009,18313
2026-08-19,Influenza,SA,2009,10764
2026-08-19,Influenza,TAS,2009,1311
2026-08-19,Influenza,VIC,2009,7038
2026-08-19,Influenza,WA,2009,5525
2026-08-19,Influenza,National,2010,13425
2026-08-19,Influenza,ACT,2010,95
2026-08-19,Influenza,NSW,2010,1564
2026-08-19,Influenza,NT,2010,479
2026-08-19,Influenza,QLD,2010,3211
2026-08-19,Influenza,SA,2010,4260
2026-08-19,Influenza,TAS,2010,107
2026-08-19,Influenza,VIC,2010,2084
2026-08-19,Influenza,WA,2010,1625
2026-08-19,Influenza,National,2011,27219
2026-08-19,Influenza,ACT,2011,270
2026-08-19,Influenza,NSW,2011,5791
2026-08-19,Influenza,NT,2011,597
2026-08-19,Influenza,QLD,2011,10382
2026-08-19,Influenza,SA,2011,4742
2026-08-19,Influenza,TAS,2011,363
2026-08-19,Influenza,VIC,2011,3211
2026-08-19,Influenza,WA,2011,1863
2026-08-19,Influenza,National,2012,44545
2026-08-19,Influenza,ACT,2012,667
2026-08-19,Influenza,NSW,2012,7991
2026-08-19,Influenza,NT,2012,443
2026-08-19,Influenza,QLD,2012,16834
2026-08-19,Influenza,SA,2012,6287
2026-08-19,Influenza,TAS,2012,1095
2026-08-19,Influenza,VIC,2012,5994
2026-08-19,Influenza,WA,2012,5234
2026-08-19,Influenza,National,2013,28292
2026-08-19,Influenza,ACT,2013,552
2026-08-19,Influenza,NSW,2013,8384
2026-08-19,Influenza,NT,2013,480
2026-08-19,Influenza,QLD,2013,5507
2026-08-19,Influenza,SA,2013,4827
2026-08-19,Influenza,TAS,2013,297
2026-08-19,Influenza,VIC,2013,5847
2026-08-19,Influenza,WA,2013,2398
2026-08-19,Influenza,National,2014,67692
2026-08-19,Influenza,ACT,2014,1262
2026-08-19,Influenza,NSW,2014,20896
2026-08-19,Influenza,NT,2014,810
2026-08-19,Influenza,QLD,2014,17895
2026-08-19,Influenza,SA,2014,11043
2026-08-19,Influenza,TAS,2014,675
2026-08-19,Influenza,VIC,2014,9861
2026-08-19,Influenza,WA,2014,5250
2026-08-19,Influenza,National,2015,100565
2026-08-19,Influenza,ACT,2015,1206
2026-08-19,Influenza,NSW,2015,30250
2026-08-19,Influenza,NT,2015,676
2026-08-19,Influenza,QLD,2015,28061
2026-08-19,Influenza,SA,2015,15654
2026-08-19,Influenza,TAS,2015,1437
2026-08-19,Influenza,VIC,2015,17289
2026-08-19,Influenza,WA,2015,5992
2026-08-19,Influenza,National,2016,90869
2026-08-19,Influenza,ACT,2016,1604
2026-08-19,Influenza,NSW,2016,35576
2026-08-19,Influenza,NT,2016,701
2026-08-19,Influenza,QLD,2016,23294
2026-08-19,Influenza,SA,2016,7871
2026-08-19,Influenza,TAS,2016,1056
2026-08-19,Influenza,VIC,2016,12938
2026-08-19,Influenza,WA,2016,7829
2026-08-19,Influenza,National,2017,251260
2026-08-19,Influenza,ACT,2017,3094
2026-08-19,Influenza,NSW,2017,103837
2026-08-19,Influenza,NT,2017,1474
2026-08-19,Influenza,QLD,2017,56613
2026-08-19,Influenza,SA,2017,28495
2026-08-19,Influenza,TAS,2017,3509
2026-08-19,Influenza,VIC,2017,48222
2026-08-19,Influenza,WA,2017,6016
2026-08-19,Influenza,National,2018,58869
2026-08-19,Influenza,ACT,2018,474
2026-08-19,Influenza,NSW,2018,17515
2026-08-19,Influenza,NT,2018,1195
2026-08-19,Influenza,QLD,2018,15699
2026-08-19,Influenza,SA,2018,5895
2026-08-19,Influenza,TAS,2018,452
2026-08-19,Influenza,VIC,2018,11774
2026-08-19,Influenza,WA,2018,5865
2026-08-19,Influenza,National,2019,313472
2026-08-19,Influenza,ACT,2019,4056
2026-08-19,Influenza,NSW,2019,116462
2026-08-19,Influenza,NT,2019,1738
2026-08-19,Influenza,QLD,2019,68167
2026-08-19,Influenza,SA,2019,27092
2026-08-19,Influenza,TAS,2019,3136
2026-08-19,Influenza,VIC,2019,69573
2026-08-19,Influenza,WA,2019,23248
2026-08-19,Influenza,National,2020,21358
2026-08-19,Influenza,ACT,2020,199
2026-08-19,Influenza,NSW,2020,7248
2026-08-19,Influenza,NT,2020,282
2026-08-19,Influenza,QLD,2020,6046
2026-08-19,Influenza,SA,2020,1536
2026-08-19,Influenza,TAS,2020,169
2026-08-19,Influenza,VIC,2020,4663
2026-08-19,Influenza,WA,2020,1215
2026-08-19,Influenza,National,2021,752
2026-08-19,Influenza,ACT,2021,9
2026-08-19,Influenza,NSW,2021,136
2026-08-19,Influenza,NT,2021,81
2026-08-19,Influenza,QLD,2021,298
2026-08-19,Influenza,SA,2021,38
2026-08-19,Influenza,TAS,2021,40
2026-08-19,Influenza,VIC,2021,111
2026-08-19,Influenza,WA,2021,39
2026-08-19,Influenza,National,2022,233455
2026-08-19,Influenza,ACT,2022,2114
2026-08-19,Influenza,NSW,2022,116370
2026-08-19,Influenza,NT,2022,4794
2026-08-19,Influenza,QLD,2022,44436
2026-08-19,Influenza,SA,2022,12092
2026-08-19,Influenza,TAS,2022,2983
2026-08-19,Influenza,VIC,2022,36603
2026-08-19,Influenza,WA,2022,14063
2026-08-19,Influenza,National,2023,289182
2026-08-19,Influenza,ACT,2023,4128
2026-08-19,Influenza,NSW,2023,104651
2026-08-19,Influenza,NT,2023,2777
2026-08-19,Influenza,QLD,2023,74343
2026-08-19,Influenza,SA,2023,22367
2026-08-19,Influenza,TAS,2023,3567
2026-08-19,Influenza,VIC,2023,56155
2026-08-19,Influenza,WA,2023,21194
2026-08-19,Influenza,National,2024,365632
2026-08-19,Influenza,ACT,2024,4841
2026-08-19,Influenza,NSW,2024,161539
2026-08-19,Influenza,NT,2024,3302
2026-08-19,Influenza,QLD,2024,79783
2026-08-19,Influenza,SA,2024,22762
2026-08-19,Influenza,TAS,2024,4058
2026-08-19,Influenza,VIC,2024,72227
2026-08-19,Influenza,WA,2024,17120
2026-08-19,Influenza,National,2025,502938
2026-08-19,Influenza,ACT,2025,8980
2026-08-19,Influenza,NSW,2025,187151
2026-08-19,Influenza,NT,2025,5384
2026-08-19,Influenza,QLD,2025,99927
2026-08-19,Influenza,SA,2025,36217
2026-08-19,Influenza,TAS,2025,9345
2026-08-19,Influenza,VIC,2025,119331
2026-08-19,Influenza,WA,2025,36603
2026-08-19,Influenza,National,2026,87189
2026-08-19,Influenza,ACT,2026,1216
2026-08-19,Influenza,NSW,2026,45583
2026-08-19,Influenza,NT,2026,757
2026-08-19,Influenza,QLD,2026,16060
2026-08-19,Influenza,SA,2026,3600
2026-08-19,Influenza,TAS,2026,606
2026-08-19,Influenza,VIC,2026,12477
2026-08-19,Influenza,WA,2026,6890
2026-08-19,RSV,National,1991,0
2026-08-19,RSV,ACT,1991,0
2026-08-19,RSV,NSW,1991,0
2026-08-19,RSV,NT,1991,0
2026-08-19,RSV,QLD,1991,0
2026-08-19,RSV,SA,1991,0
2026-08-19,RSV,TAS,1991,0
2026-08-19,RSV,VIC,1991,0
2026-08-19,RSV,WA,1991,0
2026-08-19,RSV,National,1992,0
2026-08-19,RSV,ACT,1992,0
2026-08-19,RSV,NSW,1992,0
2026-08-19,RSV,NT,1992,0
2026-08-19,RSV,QLD,1992,0
2026-08-19,RSV,SA,1992,0
2026-08-19,RSV,TAS,1992,0
2026-08-19,RSV,VIC,1992,0
2026-08-19,RSV,WA,1992,0
2026-08-19,RSV,National,1993,0
2026-08-19,RSV,ACT,1993,0
2026-08-19,RSV,NSW,1993,0
2026-08-19,RSV,NT,1993,0
2026-08-19,RSV,QLD,1993,0
2026-08-19,RSV,SA,1993,0
2026-08-19,RSV,TAS,1993,0
2026-08-19,RSV,VIC,1993,0
2026-08-19,RSV,WA,1993,0
2026-08-19,RSV,National,1994,0
2026-08-19,RSV,ACT,1994,0
2026-08-19,RSV,NSW,1994,0
2026-08-19,RSV,NT,1994,0
2026-08-19,RSV,QLD,1994,0
2026-08-19,RSV,SA,1994,0
2026-08-19,RSV,TAS,1994,0
2026-08-19,RSV,VIC,1994,0
2026-08-19,RSV,WA,1994,0
2026-08-19,RSV,National,1995,0
2026-08-19,RSV,ACT,1995,0
2026-08-19,RSV,NSW,1995,0
2026-08-19,RSV,NT,1995,0
2026-08-19,RSV,QLD,1995,0
2026-08-19,RSV,SA,1995,0
2026-08-19,RSV,TAS,1995,0
2026-08-19,RSV,VIC,1995,0
2026-08-19,RSV,WA,1995,0
2026-08-19,RSV,National,1996,0
2026-08-19,RSV,ACT,1996,0
2026-08-19,RSV,NSW,1996,0
2026-08-19,RSV,NT,1996,0
2026-08-19,RSV,QLD,1996,0
2026-08-19,RSV,SA,1996,0
2026-08-19,RSV,TAS,1996,0
2026-08-19,RSV,VIC,1996,0
2026-08-19,RSV,WA,1996,0
2026-08-19,RSV,National,1997,0
2026-08-19,RSV,ACT,1997,0
2026-08-19,RSV,NSW,1997,0
2026-08-19,RSV,NT,1997,0
2026-08-19,RSV,QLD,1997,0
2026-08-19,RSV,SA,1997,0
2026-08-19,RSV,TAS,1997,0
2026-08-19,RSV,VIC,1997,0
2026-08-19,RSV,WA,1997,0
2026-08-19,RSV,National,1998,0
2026-08-19,RSV,ACT,1998,0
2026-08-19,RSV,NSW,1998,0
2026-08-19,RSV,NT,1998,0
2026-08-19,RSV,QLD,1998,0
2026-08-19,RSV,SA,1998,0
2026-08-19,RSV,TAS,1998,0
2026-08-19,RSV,VIC,1998,0
2026-08-19,RSV,WA,1998,0
2026-08-19,RSV,National,1999,0
2026-08-19,RSV,ACT,1999,0
2026-08-19,RSV,NSW,1999,0
2026-08-19,RSV,NT,1999,0
2026-08-19,RSV,QLD,1999,0
2026-08-19,RSV,SA,1999,0
2026-08-19,RSV,TAS,1999,0
2026-08-19,RSV,VIC,1999,0
2026-08-19,RSV,WA,1999,0
2026-08-19,RSV,National,2000,0
2026-08-19,RSV,ACT,2000,0
2026-08-19,RSV,NSW,2000,0
2026-08-19,RSV,NT,2000,0
2026-08-19,RSV,QLD,2000,0
2026-08-19,RSV,SA,2000,0
2026-08-19,RSV,TAS,2000,0
2026-08-19,RSV,VIC,2000,0
2026-08-19,RSV,WA,2000,0
2026-08-19,RSV,National,2001,0
2026-08-19,RSV,ACT,2001,0
2026-08-19,RSV,NSW,2001,0
2026-08-19,RSV,NT,2001,0
2026-08-19,RSV,QLD,2001,0
2026-08-19,RSV,SA,2001,0
2026-08-19,RSV,TAS,2001,0
2026-08-19,RSV,VIC,2001,0
2026-08-19,RSV,WA,2001,0
2026-08-19,RSV,National,2002,0
2026-08-19,RSV,ACT,2002,0
2026-08-19,RSV,NSW,2002,0
2026-08-19,RSV,NT,2002,0
2026-08-19,RSV,QLD,2002,0
2026-08-19,RSV,SA,2002,0
2026-08-19,RSV,TAS,2002,0
2026-08-19,RSV,VIC,2002,0
2026-08-19,RSV,WA,2002,0
2026-08-19,RSV,National,2003,3
2026-08-19,RSV,ACT,2003,0
2026-08-19,RSV,NSW,2003,0
2026-08-19,RSV,NT,2003,0
2026-08-19,RSV,QLD,2003,0
2026-08-19,RSV,SA,2003,0
2026-08-19,RSV,TAS,2003,0
2026-08-19,RSV,VIC,2003,0
2026-08-19,RSV,WA,2003,3
2026-08-19,RSV,National,2004,0
2026-08-19,RSV,ACT,2004,0
2026-08-19,RSV,NSW,2004,0
2026-08-19,RSV,NT,2004,0
2026-08-19,RSV,QLD,2004,0
2026-08-19,RSV,SA,2004,0
2026-08-19,RSV,TAS,2004,0
2026-08-19,RSV,VIC,2004,0
2026-08-19,RSV,WA,2004,0
2026-08-19,RSV,National,2005,0
2026-08-19,RSV,ACT,2005,0
2026-08-19,RSV,NSW,2005,0
2026-08-19,RSV,NT,2005,0
2026-08-19,RSV,QLD,2005,0
2026-08-19,RSV,SA,2005,0
2026-08-19,RSV,TAS,2005,0
2026-08-19,RSV,VIC,2005,0
2026-08-19,RSV,WA,2005,0
2026-08-19,RSV,National,2006,0
2026-08-19,RSV,ACT,2006,0
2026-08-19,RSV,NSW,2006,0
2026-08-19,RSV,NT,2006,0
2026-08-19,RSV,QLD,2006,0
2026-08-19,RSV,SA,2006,0
2026-08-19,RSV,TAS,2006,0
2026-08-19,RSV,VIC,2006,0
2026-08-19,RSV,WA,2006,0
2026-08-19,RSV,National,2007,0
2026-08-19,RSV,ACT,2007,0
2026-08-19,RSV,NSW,2007,0
2026-08-19,RSV,NT,2007,0
2026-08-19,RSV,QLD,2007,0
2026-08-19,RSV,SA,2007,0
2026-08-19,RSV,TAS,2007,0
2026-08-19,RSV,VIC,2007,0
2026-08-19,RSV,WA,2007,0
2026-08-19,RSV,National,2008,3
2026-08-19,RSV,ACT,2008,0
2026-08-19,RSV,NSW,2008,0
2026-08-19,RSV,NT,2008,0
2026-08-19,RSV,QLD,2008,3
2026-08-19,RSV,SA,2008,0
2026-08-19,RSV,TAS,2008,0
2026-08-19,RSV,VIC,2008,0
2026-08-19,RSV,WA,2008,0
2026-08-19,RSV,National,2009,3
2026-08-19,RSV,ACT,2009,0
2026-08-19,RSV,NSW,2009,0
2026-08-19,RSV,NT,2009,0
2026-08-19,RSV,QLD,2009,3
2026-08-19,RSV,SA,2009,0
2026-08-19,RSV,TAS,2009,0
2026-08-19,RSV,VIC,2009,0
2026-08-19,RSV,WA,2009,0
2026-08-19,RSV,National,2010,0
2026-08-19,RSV,ACT,2010,0
2026-08-19,RSV,NSW,2010,0
2026-08-19,RSV,NT,2010,0
2026-08-19,RSV,QLD,2010,0
2026-08-19,RSV,SA,2010,0
2026-08-19,RSV,TAS,2010,0
2026-08-19,RSV,VIC,2010,0
2026-08-19,RSV,WA,2010,0
2026-08-19,RSV,National,2011,0
2026-08-19,RSV,ACT,2011,0
2026-08-19,RSV,NSW,2011,0
2026-08-19,RSV,NT,2011,0
2026-08-19,RSV,QLD,2011,0
2026-08-19,RSV,SA,2011,0
2026-08-19,RSV,TAS,2011,0
2026-08-19,RSV,VIC,2011,0
2026-08-19,RSV,WA,2011,0
2026-08-19,RSV,National,2012,0
2026-08-19,RSV,ACT,2012,0
2026-08-19,RSV,NSW,2012,0
2026-08-19,RSV,NT,2012,0
2026-08-19,RSV,QLD,2012,0
2026-08-19,RSV,SA,2012,0
2026-08-19,RSV,TAS,2012,0
2026-08-19,RSV,VIC,2012,0
2026-08-19,RSV,WA,2012,0
2026-08-19,RSV,National,2013,3
2026-08-19,RSV,ACT,2013,0
2026-08-19,RSV,NSW,2013,3
2026-08-19,RSV,NT,2013,0
2026-08-19,RSV,QLD,2013,0
2026-08-19,RSV,SA,2013,0
2026-08-19,RSV,TAS,2013,0
2026-08-19,RSV,VIC,2013,0
2026-08-19,RSV,WA,2013,0
2026-08-19,RSV,National,2014,6
2026-08-19,RSV,ACT,2014,0
2026-08-19,RSV,NSW,2014,3
2026-08-19,RSV,NT,2014,0
2026-08-19,RSV,QLD,2014,3
2026-08-19,RSV,SA,2014,0
2026-08-19,RSV,TAS,2014,0
2026-08-19,RSV,VIC,2014,0
2026-08-19,RSV,WA,2014,0
2026-08-19,RSV,National,2015,3
2026-08-19,RSV,ACT,2015,0
2026-08-19,RSV,NSW,2015,0
2026-08-19,RSV,NT,2015,0
2026-08-19,RSV,QLD,2015,3
2026-08-19,RSV,SA,2015,0
2026-08-19,RSV,TAS,2015,0
2026-08-19,RSV,VIC,2015,0
2026-08-19,RSV,WA,2015,0
2026-08-19,RSV,National,2016,3
2026-08-19,RSV,ACT,2016,0
2026-08-19,RSV,NSW,2016,0
2026-08-19,RSV,NT,2016,0
2026-08-19,RSV,QLD,2016,3
2026-08-19,RSV,SA,2016,0
2026-08-19,RSV,TAS,2016,0
2026-08-19,RSV,VIC,2016,0
2026-08-19,RSV,WA,2016,0
2026-08-19,RSV,National,2017,3
2026-08-19,RSV,ACT,2017,0
2026-08-19,RSV,NSW,2017,0
2026-08-19,RSV,NT,2017,0
2026-08-19,RSV,QLD,2017,3
2026-08-19,RSV,SA,2017,0
2026-08-19,RSV,TAS,2017,0
2026-08-19,RSV,VIC,2017,0
2026-08-19,RSV,WA,2017,0
2026-08-19,RSV,National,2018,6
2026-08-19,RSV,ACT,2018,0
2026-08-19,RSV,NSW,2018,3
2026-08-19,RSV,NT,2018,0
2026-08-19,RSV,QLD,2018,3
2026-08-19,RSV,SA,2018,0
2026-08-19,RSV,TAS,2018,0
2026-08-19,RSV,VIC,2018,0
2026-08-19,RSV,WA,2018,0
2026-08-19,RSV,National,2019,6
2026-08-19,RSV,ACT,2019,0
2026-08-19,RSV,NSW,2019,3
2026-08-19,RSV,NT,2019,0
2026-08-19,RSV,QLD,2019,3
2026-08-19,RSV,SA,2019,0
2026-08-19,RSV,TAS,2019,0
2026-08-19,RSV,VIC,2019,0
2026-08-19,RSV,WA,2019,0
2026-08-19,RSV,National,2020,11
2026-08-19,RSV,ACT,2020,0
2026-08-19,RSV,NSW,2020,3
2026-08-19,RSV,NT,2020,0
2026-08-19,RSV,QLD,2020,5
2026-08-19,RSV,SA,2020,0
2026-08-19,RSV,TAS,2020,0
2026-08-19,RSV,VIC,2020,0
2026-08-19,RSV,WA,2020,3
2026-08-19,RSV,National,2021,1564
2026-08-19,RSV,ACT,2021,0
2026-08-19,RSV,NSW,2021,5
2026-08-19,RSV,NT,2021,366
2026-08-19,RSV,QLD,2021,632
2026-08-19,RSV,SA,2021,69
2026-08-19,RSV,TAS,2021,0
2026-08-19,RSV,VIC,2021,3
2026-08-19,RSV,WA,2021,489
2026-08-19,RSV,National,2022,96043
2026-08-19,RSV,ACT,2022,1421
2026-08-19,RSV,NSW,2022,5977
2026-08-19,RSV,NT,2022,1361
2026-08-19,RSV,QLD,2022,29701
2026-08-19,RSV,SA,2022,9538
2026-08-19,RSV,TAS,2022,4035
2026-08-19,RSV,VIC,2022,32354
2026-08-19,RSV,WA,2022,11656
2026-08-19,RSV,National,2023,128201
2026-08-19,RSV,ACT,2023,2053
2026-08-19,RSV,NSW,2023,46586
2026-08-19,RSV,NT,2023,676
2026-08-19,RSV,QLD,2023,28792
2026-08-19,RSV,SA,2023,12176
2026-08-19,RSV,TAS,2023,2137
2026-08-19,RSV,VIC,2023,25239
2026-08-19,RSV,WA,2023,10542
2026-08-19,RSV,National,2024,176041
2026-08-19,RSV,ACT,2024,2742
2026-08-19,RSV,NSW,2024,73690
2026-08-19,RSV,NT,2024,1845
2026-08-19,RSV,QLD,2024,42663
2026-08-19,RSV,SA,2024,12132
2026-08-19,RSV,TAS,2024,2904
2026-08-19,RSV,VIC,2024,30789
2026-08-19,RSV,WA,2024,9276
2026-08-19,RSV,National,2025,177946
2026-08-19,RSV,ACT,2025,3075
2026-08-19,RSV,NSW,2025,71499
2026-08-19,RSV,NT,2025,1543
2026-08-19,RSV,QLD,2025,34582
2026-08-19,RSV,SA,2025,12921
2026-08-19,RSV,TAS,2025,3063
2026-08-19,RSV,VIC,2025,38434
2026-08-19,RSV,WA,2025,12829
2026-08-19,RSV,National,2026,113926
2026-08-19,RSV,ACT,2026,1688
2026-08-19,RSV,NSW,2026,49850
2026-08-19,RSV,NT,2026,916
2026-08-19,RSV,QLD,2026,20923
2026-08-19,RSV,SA,2026,7306
2026-08-19,RSV,TAS,2026,1993
2026-08-19,RSV,VIC,2026,23221
2026-08-19,RSV,WA,2026,8029
2026-08-19,Measles,National,1991,1479
2026-08-19,Measles,ACT,1991,50
2026-08-19,Measles,NSW,1991,494
2026-08-19,Measles,NT,1991,90
2026-08-19,Measles,QLD,1991,153
2026-08-19,Measles,SA,1991,155
2026-08-19,Measles,TAS,1991,25
2026-08-19,Measles,VIC,1991,455
2026-08-19,Measles,WA,1991,57
2026-08-19,Measles,National,1992,1437
2026-08-19,Measles,ACT,1992,58
2026-08-19,Measles,NSW,1992,804
2026-08-19,Measles,NT,1992,37
2026-08-19,Measles,QLD,1992,115
2026-08-19,Measles,SA,1992,163
2026-08-19,Measles,TAS,1992,7
2026-08-19,Measles,VIC,1992,219
2026-08-19,Measles,WA,1992,34
2026-08-19,Measles,National,1993,4680
2026-08-19,Measles,ACT,1993,181
2026-08-19,Measles,NSW,1993,2344
2026-08-19,Measles,NT,1993,7
2026-08-19,Measles,QLD,1993,977
2026-08-19,Measles,SA,1993,88
2026-08-19,Measles,TAS,1993,850
2026-08-19,Measles,VIC,1993,191
2026-08-19,Measles,WA,1993,42
2026-08-19,Measles,National,1994,4794
2026-08-19,Measles,ACT,1994,118
2026-08-19,Measles,NSW,1994,1483
2026-08-19,Measles,NT,1994,437
2026-08-19,Measles,QLD,1994,2345
2026-08-19,Measles,SA,1994,66
2026-08-19,Measles,TAS,1994,31
2026-08-19,Measles,VIC,1994,186
2026-08-19,Measles,WA,1994,128
2026-08-19,Measles,National,1995,1182
2026-08-19,Measles,ACT,1995,41
2026-08-19,Measles,NSW,1995,596
2026-08-19,Measles,NT,1995,78
2026-08-19,Measles,QLD,1995,199
2026-08-19,Measles,SA,1995,6
2026-08-19,Measles,TAS,1995,54
2026-08-19,Measles,VIC,1995,150
2026-08-19,Measles,WA,1995,58
2026-08-19,Measles,National,1996,478
2026-08-19,Measles,ACT,1996,9
2026-08-19,Measles,NSW,1996,191
2026-08-19,Measles,NT,1996,29
2026-08-19,Measles,QLD,1996,90
2026-08-19,Measles,SA,1996,13
2026-08-19,Measles,TAS,1996,20
2026-08-19,Measles,VIC,1996,94
2026-08-19,Measles,WA,1996,32
2026-08-19,Measles,National,1997,831
2026-08-19,Measles,ACT,1997,44
2026-08-19,Measles,NSW,1997,272
2026-08-19,Measles,NT,1997,8
2026-08-19,Measles,QLD,1997,267
2026-08-19,Measles,SA,1997,28
2026-08-19,Measles,TAS,1997,41
2026-08-19,Measles,VIC,1997,89
2026-08-19,Measles,WA,1997,82
2026-08-19,Measles,National,1998,287
2026-08-19,Measles,ACT,1998,8
2026-08-19,Measles,NSW,1998,119
2026-08-19,Measles,NT,1998,3
2026-08-19,Measles,QLD,1998,35
2026-08-19,Measles,SA,1998,6
2026-08-19,Measles,TAS,1998,36
2026-08-19,Measles,VIC,1998,30
2026-08-19,Measles,WA,1998,50
2026-08-19,Measles,National,1999,241
2026-08-19,Measles,ACT,1999,5
2026-08-19,Measles,NSW,1999,35
2026-08-19,Measles,NT,1999,23
2026-08-19,Measles,QLD,1999,33
2026-08-19,Measles,SA,1999,5
2026-08-19,Measles,TAS,1999,11
2026-08-19,Measles,VIC,1999,109
2026-08-19,Measles,WA,1999,20
2026-08-19,Measles,National,2000,108
2026-08-19,Measles,ACT,2000,3
2026-08-19,Measles,NSW,2000,35
2026-08-19,Measles,NT,2000,0
2026-08-19,Measles,QLD,2000,28
2026-08-19,Measles,SA,2000,11
2026-08-19,Measles,TAS,2000,0
2026-08-19,Measles,VIC,2000,21
2026-08-19,Measles,WA,2000,10
2026-08-19,Measles,National,2001,134
2026-08-19,Measles,ACT,2001,0
2026-08-19,Measles,NSW,2001,23
2026-08-19,Measles,NT,2001,0
2026-08-19,Measles,QLD,2001,11
2026-08-19,Measles,SA,2001,3
2026-08-19,Measles,TAS,2001,3
2026-08-19,Measles,VIC,2001,81
2026-08-19,Measles,WA,2001,13
2026-08-19,Measles,National,2002,32
2026-08-19,Measles,ACT,2002,0
2026-08-19,Measles,NSW,2002,7
2026-08-19,Measles,NT,2002,0
2026-08-19,Measles,QLD,2002,8
2026-08-19,Measles,SA,2002,3
2026-08-19,Measles,TAS,2002,0
2026-08-19,Measles,VIC,2002,14
2026-08-19,Measles,WA,2002,0
2026-08-19,Measles,National,2003,94
2026-08-19,Measles,ACT,2003,0
2026-08-19,Measles,NSW,2003,17
2026-08-19,Measles,NT,2003,3
2026-08-19,Measles,QLD,2003,11
2026-08-19,Measles,SA,2003,24
2026-08-19,Measles,TAS,2003,0
2026-08-19,Measles,VIC,2003,39
2026-08-19,Measles,WA,2003,0
2026-08-19,Measles,National,2004,44
2026-08-19,Measles,ACT,2004,0
2026-08-19,Measles,NSW,2004,11
2026-08-19,Measles,NT,2004,3
2026-08-19,Measles,QLD,2004,0
2026-08-19,Measles,SA,2004,6
2026-08-19,Measles,TAS,2004,0
2026-08-19,Measles,VIC,2004,15
2026-08-19,Measles,WA,2004,9
2026-08-19,Measles,National,2005,17
2026-08-19,Measles,ACT,2005,0
2026-08-19,Measles,NSW,2005,5
2026-08-19,Measles,NT,2005,0
2026-08-19,Measles,QLD,2005,3
2026-08-19,Measles,SA,2005,0
2026-08-19,Measles,TAS,2005,3
2026-08-19,Measles,VIC,2005,3
2026-08-19,Measles,WA,2005,3
2026-08-19,Measles,National,2006,127
2026-08-19,Measles,ACT,2006,3
2026-08-19,Measles,NSW,2006,60
2026-08-19,Measles,NT,2006,0
2026-08-19,Measles,QLD,2006,3
2026-08-19,Measles,SA,2006,9
2026-08-19,Measles,TAS,2006,11
2026-08-19,Measles,VIC,2006,12
2026-08-19,Measles,WA,2006,29
2026-08-19,Measles,National,2007,15
2026-08-19,Measles,ACT,2007,0
2026-08-19,Measles,NSW,2007,3
2026-08-19,Measles,NT,2007,0
2026-08-19,Measles,QLD,2007,3
2026-08-19,Measles,SA,2007,3
2026-08-19,Measles,TAS,2007,0
2026-08-19,Measles,VIC,2007,3
2026-08-19,Measles,WA,2007,3
2026-08-19,Measles,National,2008,67
2026-08-19,Measles,ACT,2008,0
2026-08-19,Measles,NSW,2008,39
2026-08-19,Measles,NT,2008,3
2026-08-19,Measles,QLD,2008,11
2026-08-19,Measles,SA,2008,3
2026-08-19,Measles,TAS,2008,0
2026-08-19,Measles,VIC,2008,3
2026-08-19,Measles,WA,2008,8
2026-08-19,Measles,National,2009,109
2026-08-19,Measles,ACT,2009,3
2026-08-19,Measles,NSW,2009,19
2026-08-19,Measles,NT,2009,3
2026-08-19,Measles,QLD,2009,32
2026-08-19,Measles,SA,2009,3
2026-08-19,Measles,TAS,2009,3
2026-08-19,Measles,VIC,2009,36
2026-08-19,Measles,WA,2009,10
2026-08-19,Measles,National,2010,74
2026-08-19,Measles,ACT,2010,3
2026-08-19,Measles,NSW,2010,25
2026-08-19,Measles,NT,2010,3
2026-08-19,Measles,QLD,2010,14
2026-08-19,Measles,SA,2010,3
2026-08-19,Measles,TAS,2010,0
2026-08-19,Measles,VIC,2010,15
2026-08-19,Measles,WA,2010,11
2026-08-19,Measles,National,2011,193
2026-08-19,Measles,ACT,2011,21
2026-08-19,Measles,NSW,2011,90
2026-08-19,Measles,NT,2011,5
2026-08-19,Measles,QLD,2011,18
2026-08-19,Measles,SA,2011,3
2026-08-19,Measles,TAS,2011,0
2026-08-19,Measles,VIC,2011,39
2026-08-19,Measles,WA,2011,17
2026-08-19,Measles,National,2012,199
2026-08-19,Measles,ACT,2012,0
2026-08-19,Measles,NSW,2012,170
2026-08-19,Measles,NT,2012,3
2026-08-19,Measles,QLD,2012,3
2026-08-19,Measles,SA,2012,6
2026-08-19,Measles,TAS,2012,0
2026-08-19,Measles,VIC,2012,11
2026-08-19,Measles,WA,2012,6
2026-08-19,Measles,National,2013,160
2026-08-19,Measles,ACT,2013,3
2026-08-19,Measles,NSW,2013,34
2026-08-19,Measles,NT,2013,0
2026-08-19,Measles,QLD,2013,52
2026-08-19,Measles,SA,2013,16
2026-08-19,Measles,TAS,2013,0
2026-08-19,Measles,VIC,2013,41
2026-08-19,Measles,WA,2013,14
2026-08-19,Measles,National,2014,339
2026-08-19,Measles,ACT,2014,7
2026-08-19,Measles,NSW,2014,67
2026-08-19,Measles,NT,2014,52
2026-08-19,Measles,QLD,2014,72
2026-08-19,Measles,SA,2014,16
2026-08-19,Measles,TAS,2014,5
2026-08-19,Measles,VIC,2014,77
2026-08-19,Measles,WA,2014,43
2026-08-19,Measles,National,2015,74
2026-08-19,Measles,ACT,2015,3
2026-08-19,Measles,NSW,2015,9
2026-08-19,Measles,NT,2015,0
2026-08-19,Measles,QLD,2015,21
2026-08-19,Measles,SA,2015,3
2026-08-19,Measles,TAS,2015,0
2026-08-19,Measles,VIC,2015,30
2026-08-19,Measles,WA,2015,8
2026-08-19,Measles,National,2016,100
2026-08-19,Measles,ACT,2016,3
2026-08-19,Measles,NSW,2016,18
2026-08-19,Measles,NT,2016,0
2026-08-19,Measles,QLD,2016,15
2026-08-19,Measles,SA,2016,11
2026-08-19,Measles,TAS,2016,3
2026-08-19,Measles,VIC,2016,39
2026-08-19,Measles,WA,2016,11
2026-08-19,Measles,National,2017,85
2026-08-19,Measles,ACT,2017,3
2026-08-19,Measles,NSW,2017,30
2026-08-19,Measles,NT,2017,3
2026-08-19,Measles,QLD,2017,8
2026-08-19,Measles,SA,2017,3
2026-08-19,Measles,TAS,2017,0
2026-08-19,Measles,VIC,2017,21
2026-08-19,Measles,WA,2017,17
2026-08-19,Measles,National,2018,106
2026-08-19,Measles,ACT,2018,3
2026-08-19,Measles,NSW,2018,19
2026-08-19,Measles,NT,2018,0
2026-08-19,Measles,QLD,2018,14
2026-08-19,Measles,SA,2018,3
2026-08-19,Measles,TAS,2018,3
2026-08-19,Measles,VIC,2018,26
2026-08-19,Measles,WA,2018,38
2026-08-19,Measles,National,2019,287
2026-08-19,Measles,ACT,2019,3
2026-08-19,Measles,NSW,2019,62
2026-08-19,Measles,NT,2019,31
2026-08-19,Measles,QLD,2019,74
2026-08-19,Measles,SA,2019,3
2026-08-19,Measles,TAS,2019,3
2026-08-19,Measles,VIC,2019,59
2026-08-19,Measles,WA,2019,52
2026-08-19,Measles,National,2020,23
2026-08-19,Measles,ACT,2020,0
2026-08-19,Measles,NSW,2020,11
2026-08-19,Measles,NT,2020,0
2026-08-19,Measles,QLD,2020,6
2026-08-19,Measles,SA,2020,0
2026-08-19,Measles,TAS,2020,0
2026-08-19,Measles,VIC,2020,3
2026-08-19,Measles,WA,2020,3
2026-08-19,Measles,National,2021,0
2026-08-19,Measles,ACT,2021,0
2026-08-19,Measles,NSW,2021,0
2026-08-19,Measles,NT,2021,0
2026-08-19,Measles,QLD,2021,0
2026-08-19,Measles,SA,2021,0
2026-08-19,Measles,TAS,2021,0
2026-08-19,Measles,VIC,2021,0
2026-08-19,Measles,WA,2021,0
2026-08-19,Measles,National,2022,9
2026-08-19,Measles,ACT,2022,0
2026-08-19,Measles,NSW,2022,3
2026-08-19,Measles,NT,2022,0
2026-08-19,Measles,QLD,2022,0
2026-08-19,Measles,SA,2022,0
2026-08-19,Measles,TAS,2022,0
2026-08-19,Measles,VIC,2022,6
2026-08-19,Measles,WA,2022,0
2026-08-19,Measles,National,2023,29
2026-08-19,Measles,ACT,2023,3
2026-08-19,Measles,NSW,2023,6
2026-08-19,Measles,NT,2023,0
2026-08-19,Measles,QLD,2023,5
2026-08-19,Measles,SA,2023,3
2026-08-19,Measles,TAS,2023,3
2026-08-19,Measles,VIC,2023,3
2026-08-19,Measles,WA,2023,6
2026-08-19,Measles,National,2024,59
2026-08-19,Measles,ACT,2024,3
2026-08-19,Measles,NSW,2024,18
2026-08-19,Measles,NT,2024,0
2026-08-19,Measles,QLD,2024,9
2026-08-19,Measles,SA,2024,6
2026-08-19,Measles,TAS,2024,0
2026-08-19,Measles,VIC,2024,17
2026-08-19,Measles,WA,2024,6
2026-08-19,Measles,National,2025,183
2026-08-19,Measles,ACT,2025,0
2026-08-19,Measles,NSW,2025,37
2026-08-19,Measles,NT,2025,3
2026-08-19,Measles,QLD,2025,34
2026-08-19,Measles,SA,2025,7
2026-08-19,Measles,TAS,2025,3
2026-08-19,Measles,VIC,2025,36
2026-08-19,Measles,WA,2025,63
2026-08-19,Measles,National,2026,112
2026-08-19,Measles,ACT,2026,3
2026-08-19,Measles,NSW,2026,53
2026-08-19,Measles,NT,2026,0
2026-08-19,Measles,QLD,2026,18
2026-08-19,Measles,SA,2026,3
2026-08-19,Measles,TAS,2026,0
2026-08-19,Measles,VIC,2026,30
2026-08-19,Measles,WA,2026,5
2026-08-26,COVID-19,National,1991,0
2026-08-26,COVID-19,ACT,1991,0
2026-08-26,COVID-19,NSW,1991,0
2026-08-26,COVID-19,NT,1991,0
2026-08-26,COVID-19,QLD,1991,0
2026-08-26,COVID-19,SA,1991,0
2026-08-26,COVID-19,TAS,1991,0
2026-08-26,COVID-19,VIC,1991,0
2026-08-26,COVID-19,WA,1991,0
2026-08-26,COVID-19,National,1992,0
2026-08-26,COVID-19,ACT,1992,0
2026-08-26,COVID-19,NSW,1992,0
2026-08-26,COVID-19,NT,1992,0
2026-08-26,COVID-19,QLD,1992,0
2026-08-26,COVID-19,SA,1992,0
2026-08-26,COVID-19,TAS,1992,0
2026-08-26,COVID-19,VIC,1992,0
2026-08-26,COVID-19,WA,1992,0
2026-08-26,COVID-19,National,1993,0
2026-08-26,COVID-19,ACT,1993,0
2026-08-26,COVID-19,NSW,1993,0
2026-08-26,COVID-19,NT,1993,0
2026-08-26,COVID-19,QLD,1993,0
2026-08-26,COVID-19,SA,1993,0
2026-08-26,COVID-19,TAS,1993,0
2026-08-26,COVID-19,VIC,1993,0
2026-08-26,COVID-19,WA,1993,0
2026-08-26,COVID-19,National,1994,0
2026-08-26,COVID-19,ACT,1994,0
2026-08-26,COVID-19,NSW,1994,0
2026-08-26,COVID-19,NT,1994,0
2026-08-26,COVID-19,QLD,1994,0
2026-08-26,COVID-19,SA,1994,0
2026-08-26,COVID-19,TAS,1994,0
2026-08-26,COVID-19,VIC,1994,0
2026-08-26,COVID-19,WA,1994,0
2026-08-26,COVID-19,National,1995,0
2026-08-26,COVID-19,ACT,1995,0
2026-08-26,COVID-19,NSW,1995,0
2026-08-26,COVID-19,NT,1995,0
2026-08-26,COVID-19,QLD,1995,0
2026-08-26,COVID-19,SA,1995,0
2026-08-26,COVID-19,TAS,1995,0
2026-08-26,COVID-19,VIC,1995,0
2026-08-26,COVID-19,WA,1995,0
2026-08-26,COVID-19,National,1996,0
2026-08-26,COVID-19,ACT,1996,0
2026-08-26,COVID-19,NSW,1996,0
2026-08-26,COVID-19,NT,1996,0
2026-08-26,COVID-19,QLD,1996,0
2026-08-26,COVID-19,SA,1996,0
2026-08-26,COVID-19,TAS,1996,0
2026-08-26,COVID-19,VIC,1996,0
2026-08-26,COVID-19,WA,1996,0
2026-08-26,COVID-19,National,1997,0
2026-08-26,COVID-19,ACT,1997,0
2026-08-26,COVID-19,NSW,1997,0
2026-08-26,COVID-19,NT,1997,0
2026-08-26,COVID-19,QLD,1997,0
2026-08-26,COVID-19,SA,1997,0
2026-08-26,COVID-19,TAS,1997,0
2026-08-26,COVID-19,VIC,1997,0
2026-08-26,COVID-19,WA,1997,0
2026-08-26,COVID-19,National,1998,0
2026-08-26,COVID-19,ACT,1998,0
2026-08-26,COVID-19,NSW,1998,0
2026-08-26,COVID-19,NT,1998,0
2026-08-26,COVID-19,QLD,1998,0
2026-08-26,COVID-19,SA,1998,0
2026-08-26,COVID-19,TAS,1998,0
2026-08-26,COVID-19,VIC,1998,0
2026-08-26,COVID-19,WA,1998,0
2026-08-26,COVID-19,National,1999,0
2026-08-26,COVID-19,ACT,1999,0
2026-08-26,COVID-19,NSW,1999,0
2026-08-26,COVID-19,NT,1999,0
2026-08-26,COVID-19,QLD,1999,0
2026-08-26,COVID-19,SA,1999,0
2026-08-26,COVID-19,TAS,1999,0
2026-08-26,COVID-19,VIC,1999,0
2026-08-26,COVID-19,WA,1999,0
2026-08-26,COVID-19,National,2000,0
2026-08-26,COVID-19,ACT,2000,0
2026-08-26,COVID-19,NSW,2000,0
2026-08-26,COVID-19,NT,2000,0
2026-08-26,COVID-19,QLD,2000,0
2026-08-26,COVID-19,SA,2000,0
2026-08-26,COVID-19,TAS,2000,0
2026-08-26,COVID-19,VIC,2000,0
2026-08-26,COVID-19,WA,2000,0
2026-08-26,COVID-19,National,2001,0
2026-08-26,COVID-19,ACT,2001,0
2026-08-26,COVID-19,NSW,2001,0
2026-08-26,COVID-19,NT,2001,0
2026-08-26,COVID-19,QLD,2001,0
2026-08-26,COVID-19,SA,2001,0
2026-08-26,COVID-19,TAS,2001,0
2026-08-26,COVID-19,VIC,2001,0
2026-08-26,COVID-19,WA,2001,0
2026-08-26,COVID-19,National,2002,0
2026-08-26,COVID-19,ACT,2002,0
2026-08-26,COVID-19,NSW,2002,0
2026-08-26,COVID-19,NT,2002,0
2026-08-26,COVID-19,QLD,2002,0
2026-08-26,COVID-19,SA,2002,0
2026-08-26,COVID-19,TAS,2002,0
2026-08-26,COVID-19,VIC,2002,0
2026-08-26,COVID-19,WA,2002,0
2026-08-26,COVID-19,National,2003,0
2026-08-26,COVID-19,ACT,2003,0
2026-08-26,COVID-19,NSW,2003,0
2026-08-26,COVID-19,NT,2003,0
2026-08-26,COVID-19,QLD,2003,0
2026-08-26,COVID-19,SA,2003,0
2026-08-26,COVID-19,TAS,2003,0
2026-08-26,COVID-19,VIC,2003,0
2026-08-26,COVID-19,WA,2003,0
2026-08-26,COVID-19,National,2004,0
2026-08-26,COVID-19,ACT,2004,0
2026-08-26,COVID-19,NSW,2004,0
2026-08-26,COVID-19,NT,2004,0
2026-08-26,COVID-19,QLD,2004,0
2026-08-26,COVID-19,SA,2004,0
2026-08-26,COVID-19,TAS,2004,0
2026-08-26,COVID-19,VIC,2004,0
2026-08-26,COVID-19,WA,2004,0
2026-08-26,COVID-19,National,2005,0
2026-08-26,COVID-19,ACT,2005,0
2026-08-26,COVID-19,NSW,2005,0
2026-08-26,COVID-19,NT,2005,0
2026-08-26,COVID-19,QLD,2005,0
2026-08-26,COVID-19,SA,2005,0
2026-08-26,COVID-19,TAS,2005,0
2026-08-26,COVID-19,VIC,2005,0
2026-08-26,COVID-19,WA,2005,0
2026-08-26,COVID-19,National,2006,0
2026-08-26,COVID-19,ACT,2006,0
2026-08-26,COVID-19,NSW,2006,0
2026-08-26,COVID-19,NT,2006,0
2026-08-26,COVID-19,QLD,2006,0
2026-08-26,COVID-19,SA,2006,0
2026-08-26,COVID-19,TAS,2006,0
2026-08-26,COVID-19,VIC,2006,0
2026-08-26,COVID-19,WA,2006,0
2026-08-26,COVID-19,National,2007,0
2026-08-26,COVID-19,ACT,2007,0
2026-08-26,COVID-19,NSW,2007,0
2026-08-26,COVID-19,NT,2007,0
2026-08-26,COVID-19,QLD,2007,0
2026-08-26,COVID-19,SA,2007,0
2026-08-26,COVID-19,TAS,2007,0
2026-08-26,COVID-19,VIC,2007,0
2026-08-26,COVID-19,WA,2007,0
2026-08-26,COVID-19,National,2008,0
2026-08-26,COVID-19,ACT,2008,0
2026-08-26,COVID-19,NSW,2008,0
2026-08-26,COVID-19,NT,2008,0
2026-08-26,COVID-19,QLD,2008,0
2026-08-26,COVID-19,SA,2008,0
2026-08-26,COVID-19,TAS,2008,0
2026-08-26,COVID-19,VIC,2008,0
2026-08-26,COVID-19,WA,2008,0
2026-08-26,COVID-19,National,2009,0
2026-08-26,COVID-19,ACT,2009,0
2026-08-26,COVID-19,NSW,2009,0
2026-08-26,COVID-19,NT,2009,0
2026-08-26,COVID-19,QLD,2009,0
2026-08-26,COVID-19,SA,2009,0
2026-08-26,COVID-19,TAS,2009,0
2026-08-26,COVID-19,VIC,2009,0
2026-08-26,COVID-19,WA,2009,0
2026-08-26,COVID-19,National,2010,0
2026-08-26,COVID-19,ACT,2010,0
2026-08-26,COVID-19,NSW,2010,0
2026-08-26,COVID-19,NT,2010,0
2026-08-26,COVID-19,QLD,2010,0
2026-08-26,COVID-19,SA,2010,0
2026-08-26,COVID-19,TAS,2010,0
2026-08-26,COVID-19,VIC,2010,0
2026-08-26,COVID-19,WA,2010,0
2026-08-26,COVID-19,National,2011,0
2026-08-26,COVID-19,ACT,2011,0
2026-08-26,COVID-19,NSW,2011,0
2026-08-26,COVID-19,NT,2011,0
2026-08-26,COVID-19,QLD,2011,0
2026-08-26,COVID-19,SA,2011,0
2026-08-26,COVID-19,TAS,2011,0
2026-08-26,COVID-19,VIC,2011,0
2026-08-26,COVID-19,WA,2011,0
2026-08-26,COVID-19,National,2012,0
2026-08-26,COVID-19,ACT,2012,0
2026-08-26,COVID-19,NSW,2012,0
2026-08-26,COVID-19,NT,2012,0
2026-08-26,COVID-19,QLD,2012,0
2026-08-26,COVID-19,SA,2012,0
2026-08-26,COVID-19,TAS,2012,0
2026-08-26,COVID-19,VIC,2012,0
2026-08-26,COVID-19,WA,2012,0
2026-08-26,COVID-19,National,2013,0
2026-08-26,COVID-19,ACT,2013,0
2026-08-26,COVID-19,NSW,2013,0
2026-08-26,COVID-19,NT,2013,0
2026-08-26,COVID-19,QLD,2013,0
2026-08-26,COVID-19,SA,2013,0
2026-08-26,COVID-19,TAS,2013,0
2026-08-26,COVID-19,VIC,2013,0
2026-08-26,COVID-19,WA,2013,0
2026-08-26,COVID-19,National,2014,0
2026-08-26,COVID-19,ACT,2014,0
2026-08-26,COVID-19,NSW,2014,0
2026-08-26,COVID-19,NT,2014,0
2026-08-26,COVID-19,QLD,2014,0
2026-08-26,COVID-19,SA,2014,0
2026-08-26,COVID-19,TAS,2014,0
2026-08-26,COVID-19,VIC,2014,0
2026-08-26,COVID-19,WA,2014,0
2026-08-26,COVID-19,National,2015,0
2026-08-26,COVID-19,ACT,2015,0
2026-08-26,COVID-19,NSW,2015,0
2026-08-26,COVID-19,NT,2015,0
2026-08-26,COVID-19,QLD,2015,0
2026-08-26,COVID-19,SA,2015,0
2026-08-26,COVID-19,TAS,2015,0
2026-08-26,COVID-19,VIC,2015,0
2026-08-26,COVID-19,WA,2015,0
2026-08-26,COVID-19,National,2016,0
2026-08-26,COVID-19,ACT,2016,0
2026-08-26,COVID-19,NSW,2016,0
2026-08-26,COVID-19,NT,2016,0
2026-08-26,COVID-19,QLD,2016,0
2026-08-26,COVID-19,SA,2016,0
2026-08-26,COVID-19,TAS,2016,0
2026-08-26,COVID-19,VIC,2016,0
2026-08-26,COVID-19,WA,2016,0
2026-08-26,COVID-19,National,2017,0
2026-08-26,COVID-19,ACT,2017,0
2026-08-26,COVID-19,NSW,2017,0
2026-08-26,COVID-19,NT,2017,0
2026-08-26,COVID-19,QLD,2017,0
2026-08-26,COVID-19,SA,2017,0
2026-08-26,COVID-19,TAS,2017,0
2026-08-26,COVID-19,VIC,2017,0
2026-08-26,COVID-19,WA,2017,0
2026-08-26,COVID-19,National,2018,0
2026-08-26,COVID-19,ACT,2018,0
2026-08-26,COVID-19,NSW,2018,0
2026-08-26,COVID-19,NT,2018,0
2026-08-26,COVID-19,QLD,2018,0
2026-08-26,COVID-19,SA,2018,0
2026-08-26,COVID-19,TAS,2018,0
2026-08-26,COVID-19,VIC,2018,0
2026-08-26,COVID-19,WA,2018,0
2026-08-26,COVID-19,National,2019,0
2026-08-26,COVID-19,ACT,2019,0
2026-08-26,COVID-19,NSW,2019,0
2026-08-26,COVID-19,NT,2019,0
2026-08-26,COVID-19,QLD,2019,0
2026-08-26,COVID-19,SA,2019,0
2026-08-26,COVID-19,TAS,2019,0
2026-08-26,COVID-19,VIC,2019,0
2026-08-26,COVID-19,WA,2019,0
2026-08-26,COVID-19,National,2020,28111
2026-08-26,COVID-19,ACT,2020,163
2026-08-26,COVID-19,NSW,2020,4980
2026-08-26,COVID-19,NT,2020,80
2026-08-26,COVID-19,QLD,2020,1295
2026-08-26,COVID-19,SA,2020,614
2026-08-26,COVID-19,TAS,2020,247
2026-08-26,COVID-19,VIC,2020,20729
2026-08-26,COVID-19,WA,2020,3
2026-08-26,COVID-19,National,2021,538016
2026-08-26,COVID-19,ACT,2021,6404
2026-08-26,COVID-19,NSW,2021,279513
2026-08-26,COVID-19,NT,2021,749
2026-08-26,COVID-19,QLD,2021,31616
2026-08-26,COVID-19,SA,2021,18631
2026-08-26,COVID-19,TAS,2021,1632
2026-08-26,COVID-19,VIC,2021,199405
2026-08-26,COVID-19,WA,2021,66
2026-08-26,COVID-19,National,2022,10283121
2026-08-26,COVID-19,ACT,2022,221293
2026-08-26,COVID-19,NSW,2022,3354728
2026-08-26,COVID-19,NT,2022,103137
2026-08-26,COVID-19,QLD,2022,1586920
2026-08-26,COVID-19,SA,2022,850041
2026-08-26,COVID-19,TAS,2022,279578
2026-08-26,COVID-19,VIC,2022,2621398
2026-08-26,COVID-19,WA,2022,1266026
2026-08-26,COVID-19,National,2023,862832
2026-08-26,COVID-19,ACT,2023,23303
2026-08-26,COVID-19,NSW,2023,308204
2026-08-26,COVID-19,NT,2023,6665
2026-08-26,COVID-19,QLD,2023,140251
2026-08-26,COVID-19,SA,2023,95166
2026-08-26,COVID-19,TAS,2023,34427
2026-08-26,COVID-19,VIC,2023,159290
2026-08-26,COVID-19,WA,2023,95526
2026-08-26,COVID-19,National,2024,340909
2026-08-26,COVID-19,ACT,2024,4791
2026-08-26,COVID-19,NSW,2024,132918
2026-08-26,COVID-19,NT,2024,2834
2026-08-26,COVID-19,QLD,2024,73662
2026-08-26,COVID-19,SA,2024,44115
2026-08-26,COVID-19,TAS,2024,12170
2026-08-26,COVID-19,VIC,2024,54331
2026-08-26,COVID-19,WA,2024,16088
2026-08-26,COVID-19,National,2025,185488
2026-08-26,COVID-19,ACT,2025,2985
2026-08-26,COVID-19,NSW,2025,81392
2026-08-26,COVID-19,NT,2025,1665
2026-08-26,COVID-19,QLD,2025,38232
2026-08-26,COVID-19,SA,2025,11469
2026-08-26,COVID-19,TAS,2025,2989
2026-08-26,COVID-19,VIC,2025,34697
2026-08-26,COVID-19,WA,2025,12059
2026-08-26,COVID-19,National,2026,64749
2026-08-26,COVID-19,ACT,2026,1053
2026-08-26,COVID-19,NSW,2026,30422
2026-08-26,COVID-19,NT,2026,293
2026-08-26,COVID-19,QLD,2026,12208
2026-08-26,COVID-19,SA,2026,4094
2026-08-26,COVID-19,TAS,2026,1039
2026-08-26,COVID-19,VIC,2026,11773
2026-08-26,COVID-19,WA,2026,3867
2026-08-26,Influenza,National,1991,0
2026-08-26,Influenza,ACT,1991,0
2026-08-26,Influenza,NSW,1991,0
2026-08-26,Influenza,NT,1991,0
2026-08-26,Influenza,QLD,1991,0
2026-08-26,Influenza,SA,1991,0
2026-08-26,Influenza,TAS,1991,0
2026-08-26,Influenza,VIC,1991,0
2026-08-26,Influenza,WA,1991,0
2026-08-26,Influenza,National,1992,0
2026-08-26,Influenza,ACT,1992,0
2026-08-26,Influenza,NSW,1992,0
2026-08-26,Influenza,NT,1992,0
2026-08-26,Influenza,QLD,1992,0
2026-08-26,Influenza,SA,1992,0
2026-08-26,Influenza,TAS,1992,0
2026-08-26,Influenza,VIC,1992,0
2026-08-26,Influenza,WA,1992,0
2026-08-26,Influenza,National,1993,0
2026-08-26,Influenza,ACT,1993,0
2026-08-26,Influenza,NSW,1993,0
2026-08-26,Influenza,NT,1993,0
2026-08-26,Influenza,QLD,1993,0
2026-08-26,Influenza,SA,1993,0
2026-08-26,Influenza,TAS,1993,0
2026-08-26,Influenza,VIC,1993,0
2026-08-26,Influenza,WA,1993,0
2026-08-26,Influenza,National,1994,0
2026-08-26,Influenza,ACT,1994,0
2026-08-26,Influenza,NSW,1994,0
2026-08-26,Influenza,NT,1994,0
2026-08-26,Influenza,QLD,1994,0
2026-08-26,Influenza,SA,1994,0
2026-08-26,Influenza,TAS,1994,0
2026-08-26,Influenza,VIC,1994,0
2026-08-26,Influenza,WA,1994,0
2026-08-26,Influenza,National,1995,0
2026-08-26,Influenza,ACT,1995,0
2026-08-26,Influenza,NSW,1995,0
2026-08-26,Influenza,NT,1995,0
2026-08-26,Influenza,QLD,1995,0
2026-08-26,Influenza,SA,1995,0
2026-08-26,Influenza,TAS,1995,0
2026-08-26,Influenza,VIC,1995,0
2026-08-26,Influenza,WA,1995,0
2026-08-26,Influenza,National,1996,0
2026-08-26,Influenza,ACT,1996,0
2026-08-26,Influenza,NSW,1996,0
2026-08-26,Influenza,NT,1996,0
2026-08-26,Influenza,QLD,1996,0
2026-08-26,Influenza,SA,1996,0
2026-08-26,Influenza,TAS,1996,0
2026-08-26,Influenza,VIC,1996,0
2026-08-26,Influenza,WA,1996,0
2026-08-26,Influenza,National,1997,0
2026-08-26,Influenza,ACT,1997,0
2026-08-26,Influenza,NSW,1997,0
2026-08-26,Influenza,NT,1997,0
2026-08-26,Influenza,QLD,1997,0
2026-08-26,Influenza,SA,1997,0
2026-08-26,Influenza,TAS,1997,0
2026-08-26,Influenza,VIC,1997,0
2026-08-26,Influenza,WA,1997,0
2026-08-26,Influenza,National,1998,0
2026-08-26,Influenza,ACT,1998,0
2026-08-26,Influenza,NSW,1998,0
2026-08-26,Influenza,NT,1998,0
2026-08-26,Influenza,QLD,1998,0
2026-08-26,Influenza,SA,1998,0
2026-08-26,Influenza,TAS,1998,0
2026-08-26,Influenza,VIC,1998,0
2026-08-26,Influenza,WA,1998,0
2026-08-26,Influenza,National,1999,0
2026-08-26,Influenza,ACT,1999,0
2026-08-26,Influenza,NSW,1999,0
2026-08-26,Influenza,NT,1999,0
2026-08-26,Influenza,QLD,1999,0
2026-08-26,Influenza,SA,1999,0
2026-08-26,Influenza,TAS,1999,0
2026-08-26,Influenza,VIC,1999,0
2026-08-26,Influenza,WA,1999,0
2026-08-26,Influenza,National,2000,0
2026-08-26,Influenza,ACT,2000,0
2026-08-26,Influenza,NSW,2000,0
2026-08-26,Influenza,NT,2000,0
2026-08-26,Influenza,QLD,2000,0
2026-08-26,Influenza,SA,2000,0
2026-08-26,Influenza,TAS,2000,0
2026-08-26,Influenza,VIC,2000,0
2026-08-26,Influenza,WA,2000,0
2026-08-26,Influenza,National,2001,1231
2026-08-26,Influenza,ACT,2001,14
2026-08-26,Influenza,NSW,2001,246
2026-08-26,Influenza,NT,2001,95
2026-08-26,Influenza,QLD,2001,394
2026-08-26,Influenza,SA,2001,137
2026-08-26,Influenza,TAS,2001,0
2026-08-26,Influenza,VIC,2001,177
2026-08-26,Influenza,WA,2001,168
2026-08-26,Influenza,National,2002,3730
2026-08-26,Influenza,ACT,2002,19
2026-08-26,Influenza,NSW,2002,1012
2026-08-26,Influenza,NT,2002,54
2026-08-26,Influenza,QLD,2002,1142
2026-08-26,Influenza,SA,2002,291
2026-08-26,Influenza,TAS,2002,7
2026-08-26,Influenza,VIC,2002,594
2026-08-26,Influenza,WA,2002,611
2026-08-26,Influenza,National,2003,3424
2026-08-26,Influenza,ACT,2003,8
2026-08-26,Influenza,NSW,2003,863
2026-08-26,Influenza,NT,2003,151
2026-08-26,Influenza,QLD,2003,888
2026-08-26,Influenza,SA,2003,311
2026-08-26,Influenza,TAS,2003,7
2026-08-26,Influenza,VIC,2003,645
2026-08-26,Influenza,WA,2003,551
2026-08-26,Influenza,National,2004,2067
2026-08-26,Influenza,ACT,2004,3
2026-08-26,Influenza,NSW,2004,937
2026-08-26,Influenza,NT,2004,39
2026-08-26,Influenza,QLD,2004,615
2026-08-26,Influenza,SA,2004,75
2026-08-26,Influenza,TAS,2004,3
2026-08-26,Influenza,VIC,2004,205
2026-08-26,Influenza,WA,2004,190
2026-08-26,Influenza,National,2005,4561
2026-08-26,Influenza,ACT,2005,42
2026-08-26,Influenza,NSW,2005,1414
2026-08-26,Influenza,NT,2005,61
2026-08-26,Influenza,QLD,2005,1691
2026-08-26,Influenza,SA,2005,277
2026-08-26,Influenza,TAS,2005,19
2026-08-26,Influenza,VIC,2005,595
2026-08-26,Influenza,WA,2005,462
2026-08-26,Influenza,National,2006,3313
2026-08-26,Influenza,ACT,2006,80
2026-08-26,Influenza,NSW,2006,677
2026-08-26,Influenza,NT,2006,41
2026-08-26,Influenza,QLD,2006,1747
2026-08-26,Influenza,SA,2006,89
2026-08-26,Influenza,TAS,2006,47
2026-08-26,Influenza,VIC,2006,421
2026-08-26,Influenza,WA,2006,211
2026-08-26,Influenza,National,2007,10533
2026-08-26,Influenza,ACT,2007,391
2026-08-26,Influenza,NSW,2007,2056
2026-08-26,Influenza,NT,2007,183
2026-08-26,Influenza,QLD,2007,4575
2026-08-26,Influenza,SA,2007,282
2026-08-26,Influenza,TAS,2007,416
2026-08-26,Influenza,VIC,2007,1597
2026-08-26,Influenza,WA,2007,1033
2026-08-26,Influenza,National,2008,9173
2026-08-26,Influenza,ACT,2008,244
2026-08-26,Influenza,NSW,2008,1854
2026-08-26,Influenza,NT,2008,200
2026-08-26,Influenza,QLD,2008,3696
2026-08-26,Influenza,SA,2008,474
2026-08-26,Influenza,TAS,2008,385
2026-08-26,Influenza,VIC,2008,1300
2026-08-26,Influenza,WA,2008,1020
2026-08-26,Influenza,National,2009,59035
2026-08-26,Influenza,ACT,2009,1264
2026-08-26,Influenza,NSW,2009,12841
2026-08-26,Influenza,NT,2009,1979
2026-08-26,Influenza,QLD,2009,18313
2026-08-26,Influenza,SA,2009,10764
2026-08-26,Influenza,TAS,2009,1311
2026-08-26,Influenza,VIC,2009,7038
2026-08-26,Influenza,WA,2009,5525
2026-08-26,Influenza,National,2010,13425
2026-08-26,Influenza,ACT,2010,95
2026-08-26,Influenza,NSW,2010,1564
2026-08-26,Influenza,NT,2010,479
2026-08-26,Influenza,QLD,2010,3211
2026-08-26,Influenza,SA,2010,4260
2026-08-26,Influenza,TAS,2010,107
2026-08-26,Influenza,VIC,2010,2084
2026-08-26,Influenza,WA,2010,1625
2026-08-26,Influenza,National,2011,27219
2026-08-26,Influenza,ACT,2011,270
2026-08-26,Influenza,NSW,2011,5791
2026-08-26,Influenza,NT,2011,597
2026-08-26,Influenza,QLD,2011,10382
2026-08-26,Influenza,SA,2011,4742
2026-08-26,Influenza,TAS,2011,363
2026-08-26,Influenza,VIC,2011,3211
2026-08-26,Influenza,WA,2011,1863
2026-08-26,Influenza,National,2012,44545
2026-08-26,Influenza,ACT,2012,667
2026-08-26,Influenza,NSW,2012,7991
2026-08-26,Influenza,NT,2012,443
2026-08-26,Influenza,QLD,2012,16834
2026-08-26,Influenza,SA,2012,6287
2026-08-26,Influenza,TAS,2012,1095
2026-08-26,Influenza,VIC,2012,5994
2026-08-26,Influenza,WA,2012,5234
2026-08-26,Influenza,National,2013,28292
2026-08-26,Influenza,ACT,2013,552
2026-08-26,Influenza,NSW,2013,8384
2026-08-26,Influenza,NT,2013,480
2026-08-26,Influenza,QLD,2013,5507
2026-08-26,Influenza,SA,2013,4827
2026-08-26,Influenza,TAS,2013,297
2026-08-26,Influenza,VIC,2013,5847
2026-08-26,Influenza,WA,2013,2398
2026-08-26,Influenza,National,2014,67692
2026-08-26,Influenza,ACT,2014,1262
2026-08-26,Influenza,NSW,2014,20896
2026-08-26,Influenza,NT,2014,810
2026-08-26,Influenza,QLD,2014,17895
2026-08-26,Influenza,SA,2014,11043
2026-08-26,Influenza,TAS,2014,675
2026-08-26,Influenza,VIC,2014,9861
2026-08-26,Influenza,WA,2014,5250
2026-08-26,Influenza,National,2015,100565
2026-08-26,Influenza,ACT,2015,1206
2026-08-26,Influenza,NSW,2015,30250
2026-08-26,Influenza,NT,2015,676
2026-08-26,Influenza,QLD,2015,28061
2026-08-26,Influenza,SA,2015,15654
2026-08-26,Influenza,TAS,2015,1437
2026-08-26,Influenza,VIC,2015,17289
2026-08-26,Influenza,WA,2015,5992
2026-08-26,Influenza,National,2016,90869
2026-08-26,Influenza,ACT,2016,1604
2026-08-26,Influenza,NSW,2016,35576
2026-08-26,Influenza,NT,2016,701
2026-08-26,Influenza,QLD,2016,23294
2026-08-26,Influenza,SA,2016,7871
2026-08-26,Influenza,TAS,2016,1056
2026-08-26,Influenza,VIC,2016,12938
2026-08-26,Influenza,WA,2016,7829
2026-08-26,Influenza,National,2017,251260
2026-08-26,Influenza,ACT,2017,3094
2026-08-26,Influenza,NSW,2017,103837
2026-08-26,Influenza,NT,2017,1474
2026-08-26,Influenza,QLD,2017,56613
2026-08-26,Influenza,SA,2017,28495
2026-08-26,Influenza,TAS,2017,3509
2026-08-26,Influenza,VIC,2017,48222
2026-08-26,Influenza,WA,2017,6016
2026-08-26,Influenza,National,2018,58869
2026-08-26,Influenza,ACT,2018,474
2026-08-26,Influenza,NSW,2018,17515
2026-08-26,Influenza,NT,2018,1195
2026-08-26,Influenza,QLD,2018,15699
2026-08-26,Influenza,SA,2018,5895
2026-08-26,Influenza,TAS,2018,452
2026-08-26,Influenza,VIC,2018,11774
2026-08-26,Influenza,WA,2018,5865
2026-08-26,Influenza,National,2019,313472
2026-08-26,Influenza,ACT,2019,4056
2026-08-26,Influenza,NSW,2019,116462
2026-08-26,Influenza,NT,2019,1738
2026-08-26,Influenza,QLD,2019,68167
2026-08-26,Influenza,SA,2019,27092
2026-08-26,Influenza,TAS,2019,3136
2026-08-26,Influenza,VIC,2019,69573
2026-08-26,Influenza,WA,2019,23248
2026-08-26,Influenza,National,2020,21358
2026-08-26,Influenza,ACT,2020,199
2026-08-26,Influenza,NSW,2020,7248
2026-08-26,Influenza,NT,2020,282
2026-08-26,Influenza,QLD,2020,6046
2026-08-26,Influenza,SA,2020,1536
2026-08-26,Influenza,TAS,2020,169
2026-08-26,Influenza,VIC,2020,4663
2026-08-26,Influenza,WA,2020,1215
2026-08-26,Influenza,National,2021,752
2026-08-26,Influenza,ACT,2021,9
2026-08-26,Influenza,NSW,2021,136
2026-08-26,Influenza,NT,2021,81
2026-08-26,Influenza,QLD,2021,298
2026-08-26,Influenza,SA,2021,38
2026-08-26,Influenza,TAS,2021,40
2026-08-26,Influenza,VIC,2021,111
2026-08-26,Influenza,WA,2021,39
2026-08-26,Influenza,National,2022,233455
2026-08-26,Influenza,ACT,2022,2114
2026-08-26,Influenza,NSW,2022,116370
2026-08-26,Influenza,NT,2022,4794
2026-08-26,Influenza,QLD,2022,44436
2026-08-26,Influenza,SA,2022,12092
2026-08-26,Influenza,TAS,2022,2983
2026-08-26,Influenza,VIC,2022,36603
2026-08-26,Influenza,WA,2022,14063
2026-08-26,Influenza,National,2023,289182
2026-08-26,Influenza,ACT,2023,4128
2026-08-26,Influenza,NSW,2023,104651
2026-08-26,Influenza,NT,2023,2777
2026-08-26,Influenza,QLD,2023,74343
2026-08-26,Influenza,SA,2023,22367
2026-08-26,Influenza,TAS,2023,3567
2026-08-26,Influenza,VIC,2023,56155
2026-08-26,Influenza,WA,2023,21194
2026-08-26,Influenza,National,2024,365632
2026-08-26,Influenza,ACT,2024,4841
2026-08-26,Influenza,NSW,2024,161539
2026-08-26,Influenza,NT,2024,3302
2026-08-26,Influenza,QLD,2024,79783
2026-08-26,Influenza,SA,2024,22762
2026-08-26,Influenza,TAS,2024,4058
2026-08-26,Influenza,VIC,2024,72227
2026-08-26,Influenza,WA,2024,17120
2026-08-26,Influenza,National,2025,502938
2026-08-26,Influenza,ACT,2025,8980
2026-08-26,Influenza,NSW,2025,187151
2026-08-26,Influenza,NT,2025,5384
2026-08-26,Influenza,QLD,2025,99927
2026-08-26,Influenza,SA,2025,36217
2026-08-26,Influenza,TAS,2025,9345
2026-08-26,Influenza,VIC,2025,119331
2026-08-26,Influenza,WA,2025,36603
2026-08-26,Influenza,National,2026,101540
2026-08-26,Influenza,ACT,2026,1591
2026-08-26,Influenza,NSW,2026,53312
2026-08-26,Influenza,NT,2026,791
2026-08-26,Influenza,QLD,2026,18507
2026-08-26,Influenza,SA,2026,4119
2026-08-26,Influenza,TAS,2026,701
2026-08-26,Influenza,VIC,2026,14904
2026-08-26,Influenza,WA,2026,7615
2026-08-26,RSV,National,1991,0
2026-08-26,RSV,ACT,1991,0
2026-08-26,RSV,NSW,1991,0
2026-08-26,RSV,NT,1991,0
2026-08-26,RSV,QLD,1991,0
2026-08-26,RSV,SA,1991,0
2026-08-26,RSV,TAS,1991,0
2026-08-26,RSV,VIC,1991,0
2026-08-26,RSV,WA,1991,0
2026-08-26,RSV,National,1992,0
2026-08-26,RSV,ACT,1992,0
2026-08-26,RSV,NSW,1992,0
2026-08-26,RSV,NT,1992,0
2026-08-26,RSV,QLD,1992,0
2026-08-26,RSV,SA,1992,0
2026-08-26,RSV,TAS,1992,0
2026-08-26,RSV,VIC,1992,0
2026-08-26,RSV,WA,1992,0
2026-08-26,RSV,National,1993,0
2026-08-26,RSV,ACT,1993,0
2026-08-26,RSV,NSW,1993,0
2026-08-26,RSV,NT,1993,0
2026-08-26,RSV,QLD,1993,0
2026-08-26,RSV,SA,1993,0
2026-08-26,RSV,TAS,1993,0
2026-08-26,RSV,VIC,1993,0
2026-08-26,RSV,WA,1993,0
2026-08-26,RSV,National,1994,0
2026-08-26,RSV,ACT,1994,0
2026-08-26,RSV,NSW,1994,0
2026-08-26,RSV,NT,1994,0
2026-08-26,RSV,QLD,1994,0
2026-08-26,RSV,SA,1994,0
2026-08-26,RSV,TAS,1994,0
2026-08-26,RSV,VIC,1994,0
2026-08-26,RSV,WA,1994,0
2026-08-26,RSV,National,1995,0
2026-08-26,RSV,ACT,1995,0
2026-08-26,RSV,NSW,1995,0
2026-08-26,RSV,NT,1995,0
2026-08-26,RSV,QLD,1995,0
2026-08-26,RSV,SA,1995,0
2026-08-26,RSV,TAS,1995,0
2026-08-26,RSV,VIC,1995,0
2026-08-26,RSV,WA,1995,0
2026-08-26,RSV,National,1996,0
2026-08-26,RSV,ACT,1996,0
2026-08-26,RSV,NSW,1996,0
2026-08-26,RSV,NT,1996,0
2026-08-26,RSV,QLD,1996,0
2026-08-26,RSV,SA,1996,0
2026-08-26,RSV,TAS,1996,0
2026-08-26,RSV,VIC,1996,0
2026-08-26,RSV,WA,1996,0
2026-08-26,RSV,National,1997,0
2026-08-26,RSV,ACT,1997,0
2026-08-26,RSV,NSW,1997,0
2026-08-26,RSV,NT,1997,0
2026-08-26,RSV,QLD,1997,0
2026-08-26,RSV,SA,1997,0
2026-08-26,RSV,TAS,1997,0
2026-08-26,RSV,VIC,1997,0
2026-08-26,RSV,WA,1997,0
2026-08-26,RSV,National,1998,0
2026-08-26,RSV,ACT,1998,0
2026-08-26,RSV,NSW,1998,0
2026-08-26,RSV,NT,1998,0
2026-08-26,RSV,QLD,1998,0
2026-08-26,RSV,SA,1998,0
2026-08-26,RSV,TAS,1998,0
2026-08-26,RSV,VIC,1998,0
2026-08-26,RSV,WA,1998,0
2026-08-26,RSV,National,1999,0
2026-08-26,RSV,ACT,1999,0
2026-08-26,RSV,NSW,1999,0
2026-08-26,RSV,NT,1999,0
2026-08-26,RSV,QLD,1999,0
2026-08-26,RSV,SA,1999,0
2026-08-26,RSV,TAS,1999,0
2026-08-26,RSV,VIC,1999,0
2026-08-26,RSV,WA,1999,0
2026-08-26,RSV,National,2000,0
2026-08-26,RSV,ACT,2000,0
2026-08-26,RSV,NSW,2000,0
2026-08-26,RSV,NT,2000,0
2026-08-26,RSV,QLD,2000,0
2026-08-26,RSV,SA,2000,0
2026-08-26,RSV,TAS,2000,0
2026-08-26,RSV,VIC,2000,0
2026-08-26,RSV,WA,2000,0
2026-08-26,RSV,National,2001,0
2026-08-26,RSV,ACT,2001,0
2026-08-26,RSV,NSW,2001,0
2026-08-26,RSV,NT,2001,0
2026-08-26,RSV,QLD,2001,0
2026-08-26,RSV,SA,2001,0
2026-08-26,RSV,TAS,2001,0
2026-08-26,RSV,VIC,2001,0
2026-08-26,RSV,WA,2001,0
2026-08-26,RSV,National,2002,0
2026-08-26,RSV,ACT,2002,0
2026-08-26,RSV,NSW,2002,0
2026-08-26,RSV,NT,2002,0
2026-08-26,RSV,QLD,2002,0
2026-08-26,RSV,SA,2002,0
2026-08-26,RSV,TAS,2002,0
2026-08-26,RSV,VIC,2002,0
2026-08-26,RSV,WA,2002,0
2026-08-26,RSV,National,2003,3
2026-08-26,RSV,ACT,2003,0
2026-08-26,RSV,NSW,2003,0
2026-08-26,RSV,NT,2003,0
2026-08-26,RSV,QLD,2003,0
2026-08-26,RSV,SA,2003,0
2026-08-26,RSV,TAS,2003,0
2026-08-26,RSV,VIC,2003,0
2026-08-26,RSV,WA,2003,3
2026-08-26,RSV,National,2004,0
2026-08-26,RSV,ACT,2004,0
2026-08-26,RSV,NSW,2004,0
2026-08-26,RSV,NT,2004,0
2026-08-26,RSV,QLD,2004,0
2026-08-26,RSV,SA,2004,0
2026-08-26,RSV,TAS,2004,0
2026-08-26,RSV,VIC,2004,0
2026-08-26,RSV,WA,2004,0
2026-08-26,RSV,National,2005,0
2026-08-26,RSV,ACT,2005,0
2026-08-26,RSV,NSW,2005,0
2026-08-26,RSV,NT,2005,0
2026-08-26,RSV,QLD,2005,0
2026-08-26,RSV,SA,2005,0
2026-08-26,RSV,TAS,2005,0
2026-08-26,RSV,VIC,2005,0
2026-08-26,RSV,WA,2005,0
2026-08-26,RSV,National,2006,0
2026-08-26,RSV,ACT,2006,0
2026-08-26,RSV,NSW,2006,0
2026-08-26,RSV,NT,2006,0
2026-08-26,RSV,QLD,2006,0
2026-08-26,RSV,SA,2006,0
2026-08-26,RSV,TAS,2006,0
2026-08-26,RSV,VIC,2006,0
2026-08-26,RSV,WA,2006,0
2026-08-26,RSV,National,2007,0
2026-08-26,RSV,ACT,2007,0
2026-08-26,RSV,NSW,2007,0
2026-08-26,RSV,NT,2007,0
2026-08-26,RSV,QLD,2007,0
2026-08-26,RSV,SA,2007,0
2026-08-26,RSV,TAS,2007,0
2026-08-26,RSV,VIC,2007,0
2026-08-26,RSV,WA,2007,0
2026-08-26,RSV,National,2008,3
2026-08-26,RSV,ACT,2008,0
2026-08-26,RSV,NSW,2008,0
2026-08-26,RSV,NT,2008,0
2026-08-26,RSV,QLD,2008,3
2026-08-26,RSV,SA,2008,0
2026-08-26,RSV,TAS,2008,0
2026-08-26,RSV,VIC,2008,0
2026-08-26,RSV,WA,2008,0
2026-08-26,RSV,National,2009,3
2026-08-26,RSV,ACT,2009,0
2026-08-26,RSV,NSW,2009,0
2026-08-26,RSV,NT,2009,0
2026-08-26,RSV,QLD,2009,3
2026-08-26,RSV,SA,2009,0
2026-08-26,RSV,TAS,2009,0
2026-08-26,RSV,VIC,2009,0
2026-08-26,RSV,WA,2009,0
2026-08-26,RSV,National,2010,0
2026-08-26,RSV,ACT,2010,0
2026-08-26,RSV,NSW,2010,0
2026-08-26,RSV,NT,2010,0
2026-08-26,RSV,QLD,2010,0
2026-08-26,RSV,SA,2010,0
2026-08-26,RSV,TAS,2010,0
2026-08-26,RSV,VIC,2010,0
2026-08-26,RSV,WA,2010,0
2026-08-26,RSV,National,2011,0
2026-08-26,RSV,ACT,2011,0
2026-08-26,RSV,NSW,2011,0
2026-08-26,RSV,NT,2011,0
2026-08-26,RSV,QLD,2011,0
2026-08-26,RSV,SA,2011,0
2026-08-26,RSV,TAS,2011,0
2026-08-26,RSV,VIC,2011,0
2026-08-26,RSV,WA,2011,0
2026-08-26,RSV,National,2012,0
2026-08-26,RSV,ACT,2012,0
2026-08-26,RSV,NSW,2012,0
2026-08-26,RSV,NT,2012,0
2026-08-26,RSV,QLD,2012,0
2026-08-26,RSV,SA,2012,0
2026-08-26,RSV,TAS,2012,0
2026-08-26,RSV,VIC,2012,0
2026-08-26,RSV,WA,2012,0
2026-08-26,RSV,National,2013,3
2026-08-26,RSV,ACT,2013,0
2026-08-26,RSV,NSW,2013,3
2026-08-26,RSV,NT,2013,0
2026-08-26,RSV,QLD,2013,0
2026-08-26,RSV,SA,2013,0
2026-08-26,RSV,TAS,2013,0
2026-08-26,RSV,VIC,2013,0
2026-08-26,RSV,WA,2013,0
2026-08-26,RSV,National,2014,6
2026-08-26,RSV,ACT,2014,0
2026-08-26,RSV,NSW,2014,3
2026-08-26,RSV,NT,2014,0
2026-08-26,RSV,QLD,2014,3
2026-08-26,RSV,SA,2014,0
2026-08-26,RSV,TAS,2014,0
2026-08-26,RSV,VIC,2014,0
2026-08-26,RSV,WA,2014,0
2026-08-26,RSV,National,2015,3
2026-08-26,RSV,ACT,2015,0
2026-08-26,RSV,NSW,2015,0
2026-08-26,RSV,NT,2015,0
2026-08-26,RSV,QLD,2015,3
2026-08-26,RSV,SA,2015,0
2026-08-26,RSV,TAS,2015,0
2026-08-26,RSV,VIC,2015,0
2026-08-26,RSV,WA,2015,0
2026-08-26,RSV,National,2016,3
2026-08-26,RSV,ACT,2016,0
2026-08-26,RSV,NSW,2016,0
2026-08-26,RSV,NT,2016,0
2026-08-26,RSV,QLD,2016,3
2026-08-26,RSV,SA,2016,0
2026-08-26,RSV,TAS,2016,0
2026-08-26,RSV,VIC,2016,0
2026-08-26,RSV,WA,2016,0
2026-08-26,RSV,National,2017,3
2026-08-26,RSV,ACT,2017,0
2026-08-26,RSV,NSW,2017,0
2026-08-26,RSV,NT,2017,0
2026-08-26,RSV,QLD,2017,3
2026-08-26,RSV,SA,2017,0
2026-08-26,RSV,TAS,2017,0
2026-08-26,RSV,VIC,2017,0
2026-08-26,RSV,WA,2017,0
2026-08-26,RSV,National,2018,6
2026-08-26,RSV,ACT,2018,0
2026-08-26,RSV,NSW,2018,3
2026-08-26,RSV,NT,2018,0
2026-08-26,RSV,QLD,2018,3
2026-08-26,RSV,SA,2018,0
2026-08-26,RSV,TAS,2018,0
2026-08-26,RSV,VIC,2018,0
2026-08-26,RSV,WA,2018,0
2026-08-26,RSV,National,2019,6
2026-08-26,RSV,ACT,2019,0
2026-08-26,RSV,NSW,2019,3
2026-08-26,RSV,NT,2019,0
2026-08-26,RSV,QLD,2019,3
2026-08-26,RSV,SA,2019,0
2026-08-26,RSV,TAS,2019,0
2026-08-26,RSV,VIC,2019,0
2026-08-26,RSV,WA,2019,0
2026-08-26,RSV,National,2020,11
2026-08-26,RSV,ACT,2020,0
2026-08-26,RSV,NSW,2020,3
2026-08-26,RSV,NT,2020,0
2026-08-26,RSV,QLD,2020,5
2026-08-26,RSV,SA,2020,0
2026-08-26,RSV,TAS,2020,0
2026-08-26,RSV,VIC,2020,0
2026-08-26,RSV,WA,2020,3
2026-08-26,RSV,National,2021,1564
2026-08-26,RSV,ACT,2021,0
2026-08-26,RSV,NSW,2021,5
2026-08-26,RSV,NT,2021,366
2026-08-26,RSV,QLD,2021,632
2026-08-26,RSV,SA,2021,69
2026-08-26,RSV,TAS,2021,0
2026-08-26,RSV,VIC,2021,3
2026-08-26,RSV,WA,2021,489
2026-08-26,RSV,National,2022,96044
2026-08-26,RSV,ACT,2022,1421
2026-08-26,RSV,NSW,2022,5977
2026-08-26,RSV,NT,2022,1361
2026-08-26,RSV,QLD,2022,29701
2026-08-26,RSV,SA,2022,9538
2026-08-26,RSV,TAS,2022,4035
2026-08-26,RSV,VIC,2022,32355
2026-08-26,RSV,WA,2022,11656
2026-08-26,RSV,National,2023,128201
2026-08-26,RSV,ACT,2023,2053
2026-08-26,RSV,NSW,2023,46586
2026-08-26,RSV,NT,2023,676
2026-08-26,RSV,QLD,2023,28792
2026-08-26,RSV,SA,2023,12176
2026-08-26,RSV,TAS,2023,2137
2026-08-26,RSV,VIC,2023,25239
2026-08-26,RSV,WA,2023,10542
2026-08-26,RSV,National,2024,176041
2026-08-26,RSV,ACT,2024,2742
2026-08-26,RSV,NSW,2024,73690
2026-08-26,RSV,NT,2024,1845
2026-08-26,RSV,QLD,2024,42663
2026-08-26,RSV,SA,2024,12132
2026-08-26,RSV,TAS,2024,2904
2026-08-26,RSV,VIC,2024,30789
2026-08-26,RSV,WA,2024,9276
2026-08-26,RSV,National,2025,177946
2026-08-26,RSV,ACT,2025,3075
2026-08-26,RSV,NSW,2025,71499
2026-08-26,RSV,NT,2025,1543
2026-08-26,RSV,QLD,2025,34582
2026-08-26,RSV,SA,2025,12921
2026-08-26,RSV,TAS,2025,3063
2026-08-26,RSV,VIC,2025,38434
2026-08-26,RSV,WA,2025,12829
2026-08-26,RSV,National,2026,118089
2026-08-26,RSV,ACT,2026,1840
2026-08-26,RSV,NSW,2026,51177
2026-08-26,RSV,NT,2026,940
2026-08-26,RSV,QLD,2026,21478
2026-08-26,RSV,SA,2026,7861
2026-08-26,RSV,TAS,2026,2118
2026-08-26,RSV,VIC,2026,24163
2026-08-26,RSV,WA,2026,8512
2026-08-26,Measles,National,1991,1479
2026-08-26,Measles,ACT,1991,50
2026-08-26,Measles,NSW,1991,494
2026-08-26,Measles,NT,1991,90
2026-08-26,Measles,QLD,1991,153
2026-08-26,Measles,SA,1991,155
2026-08-26,Measles,TAS,1991,25
2026-08-26,Measles,VIC,1991,455
2026-08-26,Measles,WA,1991,57
2026-08-26,Measles,National,1992,1437
2026-08-26,Measles,ACT,1992,58
2026-08-26,Measles,NSW,1992,804
2026-08-26,Measles,NT,1992,37
2026-08-26,Measles,QLD,1992,115
2026-08-26,Measles,SA,1992,163
2026-08-26,Measles,TAS,1992,7
2026-08-26,Measles,VIC,1992,219
2026-08-26,Measles,WA,1992,34
2026-08-26,Measles,National,1993,4680
2026-08-26,Measles,ACT,1993,181
2026-08-26,Measles,NSW,1993,2344
2026-08-26,Measles,NT,1993,7
2026-08-26,Measles,QLD,1993,977
2026-08-26,Measles,SA,1993,88
2026-08-26,Measles,TAS,1993,850
2026-08-26,Measles,VIC,1993,191
2026-08-26,Measles,WA,1993,42
2026-08-26,Measles,National,1994,4794
2026-08-26,Measles,ACT,1994,118
2026-08-26,Measles,NSW,1994,1483
2026-08-26,Measles,NT,1994,437
2026-08-26,Measles,QLD,1994,2345
2026-08-26,Measles,SA,1994,66
2026-08-26,Measles,TAS,1994,31
2026-08-26,Measles,VIC,1994,186
2026-08-26,Measles,WA,1994,128
2026-08-26,Measles,National,1995,1182
2026-08-26,Measles,ACT,1995,41
2026-08-26,Measles,NSW,1995,596
2026-08-26,Measles,NT,1995,78
2026-08-26,Measles,QLD,1995,199
2026-08-26,Measles,SA,1995,6
2026-08-26,Measles,TAS,1995,54
2026-08-26,Measles,VIC,1995,150
2026-08-26,Measles,WA,1995,58
2026-08-26,Measles,National,1996,478
2026-08-26,Measles,ACT,1996,9
2026-08-26,Measles,NSW,1996,191
2026-08-26,Measles,NT,1996,29
2026-08-26,Measles,QLD,1996,90
2026-08-26,Measles,SA,1996,13
2026-08-26,Measles,TAS,1996,20
2026-08-26,Measles,VIC,1996,94
2026-08-26,Measles,WA,1996,32
2026-08-26,Measles,National,1997,831
2026-08-26,Measles,ACT,1997,44
2026-08-26,Measles,NSW,1997,272
2026-08-26,Measles,NT,1997,8
2026-08-26,Measles,QLD,1997,267
2026-08-26,Measles,SA,1997,28
2026-08-26,Measles,TAS,1997,41
2026-08-26,Measles,VIC,1997,89
2026-08-26,Measles,WA,1997,82
2026-08-26,Measles,National,1998,287
2026-08-26,Measles,ACT,1998,8
2026-08-26,Measles,NSW,1998,119
2026-08-26,Measles,NT,1998,3
2026-08-26,Measles,QLD,1998,35
2026-08-26,Measles,SA,1998,6
2026-08-26,Measles,TAS,1998,36
2026-08-26,Measles,VIC,1998,30
2026-08-26,Measles,WA,1998,50
2026-08-26,Measles,National,1999,241
2026-08-26,Measles,ACT,1999,5
2026-08-26,Measles,NSW,1999,35
2026-08-26,Measles,NT,1999,23
2026-08-26,Measles,QLD,1999,33
2026-08-26,Measles,SA,1999,5
2026-08-26,Measles,TAS,1999,11
2026-08-26,Measles,VIC,1999,109
2026-08-26,Measles,WA,1999,20
2026-08-26,Measles,National,2000,108
2026-08-26,Measles,ACT,2000,3
2026-08-26,Measles,NSW,2000,35
2026-08-26,Measles,NT,2000,0
2026-08-26,Measles,QLD,2000,28
2026-08-26,Measles,SA,2000,11
2026-08-26,Measles,TAS,2000,0
2026-08-26,Measles,VIC,2000,21
2026-08-26,Measles,WA,2000,10
2026-08-26,Measles,National,2001,134
2026-08-26,Measles,ACT,2001,0
2026-08-26,Measles,NSW,2001,23
2026-08-26,Measles,NT,2001,0
2026-08-26,Measles,QLD,2001,11
2026-08-26,Measles,SA,2001,3
2026-08-26,Measles,TAS,2001,3
2026-08-26,Measles,VIC,2001,81
2026-08-26,Measles,WA,2001,13
2026-08-26,Measles,National,2002,32
2026-08-26,Measles,ACT,2002,0
2026-08-26,Measles,NSW,2002,7
2026-08-26,Measles,NT,2002,0
2026-08-26,Measles,QLD,2002,8
2026-08-26,Measles,SA,2002,3
2026-08-26,Measles,TAS,2002,0
2026-08-26,Measles,VIC,2002,14
2026-08-26,Measles,WA,2002,0
2026-08-26,Measles,National,2003,94
2026-08-26,Measles,ACT,2003,0
2026-08-26,Measles,NSW,2003,17
2026-08-26,Measles,NT,2003,3
2026-08-26,Measles,QLD,2003,11
2026-08-26,Measles,SA,2003,24
2026-08-26,Measles,TAS,2003,0
2026-08-26,Measles,VIC,2003,39
2026-08-26,Measles,WA,2003,0
2026-08-26,Measles,National,2004,44
2026-08-26,Measles,ACT,2004,0
2026-08-26,Measles,NSW,2004,11
2026-08-26,Measles,NT,2004,3
2026-08-26,Measles,QLD,2004,0
2026-08-26,Measles,SA,2004,6
2026-08-26,Measles,TAS,2004,0
2026-08-26,Measles,VIC,2004,15
2026-08-26,Measles,WA,2004,9
2026-08-26,Measles,National,2005,17
2026-08-26,Measles,ACT,2005,0
2026-08-26,Measles,NSW,2005,5
2026-08-26,Measles,NT,2005,0
2026-08-26,Measles,QLD,2005,3
2026-08-26,Measles,SA,2005,0
2026-08-26,Measles,TAS,2005,3
2026-08-26,Measles,VIC,2005,3
2026-08-26,Measles,WA,2005,3
2026-08-26,Measles,National,2006,127
2026-08-26,Measles,ACT,2006,3
2026-08-26,Measles,NSW,2006,60
2026-08-26,Measles,NT,2006,0
2026-08-26,Measles,QLD,2006,3
2026-08-26,Measles,SA,2006,9
2026-08-26,Measles,TAS,2006,11
2026-08-26,Measles,VIC,2006,12
2026-08-26,Measles,WA,2006,29
2026-08-26,Measles,National,2007,15
2026-08-26,Measles,ACT,2007,0
2026-08-26,Measles,NSW,2007,3
2026-08-26,Measles,NT,2007,0
2026-08-26,Measles,QLD,2007,3
2026-08-26,Measles,SA,2007,3
2026-08-26,Measles,TAS,2007,0
2026-08-26,Measles,VIC,2007,3
2026-08-26,Measles,WA,2007,3
2026-08-26,Measles,National,2008,67
2026-08-26,Measles,ACT,2008,0
2026-08-26,Measles,NSW,2008,39
2026-08-26,Measles,NT,2008,3
2026-08-26,Measles,QLD,2008,11
2026-08-26,Measles,SA,2008,3
2026-08-26,Measles,TAS,2008,0
2026-08-26,Measles,VIC,2008,3
2026-08-26,Measles,WA,2008,8
2026-08-26,Measles,National,2009,109
2026-08-26,Measles,ACT,2009,3
2026-08-26,Measles,NSW,2009,19
2026-08-26,Measles,NT,2009,3
2026-08-26,Measles,QLD,2009,32
2026-08-26,Measles,SA,2009,3
2026-08-26,Measles,TAS,2009,3
2026-08-26,Measles,VIC,2009,36
2026-08-26,Measles,WA,2009,10
2026-08-26,Measles,National,2010,74
2026-08-26,Measles,ACT,2010,3
2026-08-26,Measles,NSW,2010,25
2026-08-26,Measles,NT,2010,3
2026-08-26,Measles,QLD,2010,14
2026-08-26,Measles,SA,2010,3
2026-08-26,Measles,TAS,2010,0
2026-08-26,Measles,VIC,2010,15
2026-08-26,Measles,WA,2010,11
2026-08-26,Measles,National,2011,193
2026-08-26,Measles,ACT,2011,21
2026-08-26,Measles,NSW,2011,90
2026-08-26,Measles,NT,2011,5
2026-08-26,Measles,QLD,2011,18
2026-08-26,Measles,SA,2011,3
2026-08-26,Measles,TAS,2011,0
2026-08-26,Measles,VIC,2011,39
2026-08-26,Measles,WA,2011,17
2026-08-26,Measles,National,2012,199
2026-08-26,Measles,ACT,2012,0
2026-08-26,Measles,NSW,2012,170
2026-08-26,Measles,NT,2012,3
2026-08-26,Measles,QLD,2012,3
2026-08-26,Measles,SA,2012,6
2026-08-26,Measles,TAS,2012,0
2026-08-26,Measles,VIC,2012,11
2026-08-26,Measles,WA,2012,6
2026-08-26,Measles,National,2013,160
2026-08-26,Measles,ACT,2013,3
2026-08-26,Measles,NSW,2013,34
2026-08-26,Measles,NT,2013,0
2026-08-26,Measles,QLD,2013,52
2026-08-26,Measles,SA,2013,16
2026-08-26,Measles,TAS,2013,0
2026-08-26,Measles,VIC,2013,41
2026-08-26,Measles,WA,2013,14
2026-08-26,Measles,National,2014,339
2026-08-26,Measles,ACT,2014,7
2026-08-26,Measles,NSW,2014,67
2026-08-26,Measles,NT,2014,52
2026-08-26,Measles,QLD,2014,72
2026-08-26,Measles,SA,2014,16
2026-08-26,Measles,TAS,2014,5
2026-08-26,Measles,VIC,2014,77
2026-08-26,Measles,WA,2014,43
2026-08-26,Measles,National,2015,74
2026-08-26,Measles,ACT,2015,3
2026-08-26,Measles,NSW,2015,9
2026-08-26,Measles,NT,2015,0
2026-08-26,Measles,QLD,2015,21
2026-08-26,Measles,SA,2015,3
2026-08-26,Measles,TAS,2015,0
2026-08-26,Measles,VIC,2015,30
2026-08-26,Measles,WA,2015,8
2026-08-26,Measles,National,2016,100
2026-08-26,Measles,ACT,2016,3
2026-08-26,Measles,NSW,2016,18
2026-08-26,Measles,NT,2016,0
2026-08-26,Measles,QLD,2016,15
2026-08-26,Measles,SA,2016,11
2026-08-26,Measles,TAS,2016,3
2026-08-26,Measles,VIC,2016,39
2026-08-26,Measles,WA,2016,11
2026-08-26,Measles,National,2017,85
2026-08-26,Measles,ACT,2017,3
2026-08-26,Measles,NSW,2017,30
2026-08-26,Measles,NT,2017,3
2026-08-26,Measles,QLD,2017,8
2026-08-26,Measles,SA,2017,3
2026-08-26,Measles,TAS,2017,0
2026-08-26,Measles,VIC,2017,21
2026-08-26,Measles,WA,2017,17
2026-08-26,Measles,National,2018,106
2026-08-26,Measles,ACT,2018,3
2026-08-26,Measles,NSW,2018,19
2026-08-26,Measles,NT,2018,0
2026-08-26,Measles,QLD,2018,14
2026-08-26,Measles,SA,2018,3
2026-08-26,Measles,TAS,2018,3
2026-08-26,Measles,VIC,2018,26
2026-08-26,Measles,WA,2018,38
2026-08-26,Measles,National,2019,287
2026-08-26,Measles,ACT,2019,3
2026-08-26,Measles,NSW,2019,62
2026-08-26,Measles,NT,2019,31
2026-08-26,Measles,QLD,2019,74
2026-08-26,Measles,SA,2019,3
2026-08-26,Measles,TAS,2019,3
2026-08-26,Measles,VIC,2019,59
2026-08-26,Measles,WA,2019,52
2026-08-26,Measles,National,2020,23
2026-08-26,Measles,ACT,2020,0
2026-08-26,Measles,NSW,2020,11
2026-08-26,Measles,NT,2020,0
2026-08-26,Measles,QLD,2020,6
2026-08-26,Measles,SA,2020,0
2026-08-26,Measles,TAS,2020,0
2026-08-26,Measles,VIC,2020,3
2026-08-26,Measles,WA,2020,3
2026-08-26,Measles,National,2021,0
2026-08-26,Measles,ACT,2021,0
2026-08-26,Measles,NSW,2021,0
2026-08-26,Measles,NT,2021,0
2026-08-26,Measles,QLD,2021,0
2026-08-26,Measles,SA,2021,0
2026-08-26,Measles,TAS,2021,0
2026-08-26,Measles,VIC,2021,0
2026-08-26,Measles,WA,2021,0
2026-08-26,Measles,National,2022,9
2026-08-26,Measles,ACT,2022,0
2026-08-26,Measles,NSW,2022,3
2026-08-26,Measles,NT,2022,0
2026-08-26,Measles,QLD,2022,0
2026-08-26,Measles,SA,2022,0
2026-08-26,Measles,TAS,2022,0
2026-08-26,Measles,VIC,2022,6
2026-08-26,Measles,WA,2022,0
2026-08-26,Measles,National,2023,29
2026-08-26,Measles,ACT,2023,3
2026-08-26,Measles,NSW,2023,6
2026-08-26,Measles,NT,2023,0
2026-08-26,Measles,QLD,2023,5
2026-08-26,Measles,SA,2023,3
2026-08-26,Measles,TAS,2023,3
2026-08-26,Measles,VIC,2023,3
2026-08-26,Measles,WA,2023,6
2026-08-26,Measles,National,2024,59
2026-08-26,Measles,ACT,2024,3
2026-08-26,Measles,NSW,2024,18
2026-08-26,Measles,NT,2024,0
2026-08-26,Measles,QLD,2024,9
2026-08-26,Measles,SA,2024,6
2026-08-26,Measles,TAS,2024,0
2026-08-26,Measles,VIC,2024,17
2026-08-26,Measles,WA,2024,6
2026-08-26,Measles,National,2025,183
2026-08-26,Measles,ACT,2025,0
2026-08-26,Measles,NSW,2025,37
2026-08-26,Measles,NT,2025,3
2026-08-26,Measles,QLD,2025,34
2026-08-26,Measles,SA,2025,7
2026-08-26,Measles,TAS,2025,3
2026-08-26,Measles,VIC,2025,36
2026-08-26,Measles,WA,2025,63
2026-08-26,Measles,National,2026,112
2026-08-26,Measles,ACT,2026,3
2026-08-26,Measles,NSW,2026,53
2026-08-26,Measles,NT,2026,0
2026-08-26,Measles,QLD,2026,18
2026-08-26,Measles,SA,2026,3
2026-08-26,Measles,TAS,2026,0
2026-08-26,Measles,VIC,2026,30
2026-08-26,Measles,WA,2026,5
2026-09-02,COVID-19,National,1991,0
2026-09-02,COVID-19,ACT,1991,0
2026-09-02,COVID-19,NSW,1991,0
2026-09-02,COVID-19,NT,1991,0
2026-09-02,COVID-19,QLD,1991,0
2026-09-02,COVID-19,SA,1991,0
2026-09-02,COVID-19,TAS,1991,0
2026-09-02,COVID-19,VIC,1991,0
2026-09-02,COVID-19,WA,1991,0
2026-09-02,COVID-19,National,1992,0
2026-09-02,COVID-19,ACT,1992,0
2026-09-02,COVID-19,NSW,1992,0
2026-09-02,COVID-19,NT,1992,0
2026-09-02,COVID-19,QLD,1992,0
2026-09-02,COVID-19,SA,1992,0
2026-09-02,COVID-19,TAS,1992,0
2026-09-02,COVID-19,VIC,1992,0
2026-09-02,COVID-19,WA,1992,0
2026-09-02,COVID-19,National,1993,0
2026-09-02,COVID-19,ACT,1993,0
2026-09-02,COVID-19,NSW,1993,0
2026-09-02,COVID-19,NT,1993,0
2026-09-02,COVID-19,QLD,1993,0
2026-09-02,COVID-19,SA,1993,0
2026-09-02,COVID-19,TAS,1993,0
2026-09-02,COVID-19,VIC,1993,0
2026-09-02,COVID-19,WA,1993,0
2026-09-02,COVID-19,National,1994,0
2026-09-02,COVID-19,ACT,1994,0
2026-09-02,COVID-19,NSW,1994,0
2026-09-02,COVID-19,NT,1994,0
2026-09-02,COVID-19,QLD,1994,0
2026-09-02,COVID-19,SA,1994,0
2026-09-02,COVID-19,TAS,1994,0
2026-09-02,COVID-19,VIC,1994,0
2026-09-02,COVID-19,WA,1994,0
2026-09-02,COVID-19,National,1995,0
2026-09-02,COVID-19,ACT,1995,0
2026-09-02,COVID-19,NSW,1995,0
2026-09-02,COVID-19,NT,1995,0
2026-09-02,COVID-19,QLD,1995,0
2026-09-02,COVID-19,SA,1995,0
2026-09-02,COVID-19,TAS,1995,0
2026-09-02,COVID-19,VIC,1995,0
2026-09-02,COVID-19,WA,1995,0
2026-09-02,COVID-19,National,1996,0
2026-09-02,COVID-19,ACT,1996,0
2026-09-02,COVID-19,NSW,1996,0
2026-09-02,COVID-19,NT,1996,0
2026-09-02,COVID-19,QLD,1996,0
2026-09-02,COVID-19,SA,1996,0
2026-09-02,COVID-19,TAS,1996,0
2026-09-02,COVID-19,VIC,1996,0
2026-09-02,COVID-19,WA,1996,0
2026-09-02,COVID-19,National,1997,0
2026-09-02,COVID-19,ACT,1997,0
2026-09-02,COVID-19,NSW,1997,0
2026-09-02,COVID-19,NT,1997,0
2026-09-02,COVID-19,QLD,1997,0
2026-09-02,COVID-19,SA,1997,0
2026-09-02,COVID-19,TAS,1997,0
2026-09-02,COVID-19,VIC,1997,0
2026-09-02,COVID-19,WA,1997,0
2026-09-02,COVID-19,National,1998,0
2026-09-02,COVID-19,ACT,1998,0
2026-09-02,COVID-19,NSW,1998,0
2026-09-02,COVID-19,NT,1998,0
2026-09-02,COVID-19,QLD,1998,0
2026-09-02,COVID-19,SA,1998,0
2026-09-02,COVID-19,TAS,1998,0
2026-09-02,COVID-19,VIC,1998,0
2026-09-02,COVID-19,WA,1998,0
2026-09-02,COVID-19,National,1999,0
2026-09-02,COVID-19,ACT,1999,0
2026-09-02,COVID-19,NSW,1999,0
2026-09-02,COVID-19,NT,1999,0
2026-09-02,COVID-19,QLD,1999,0
2026-09-02,COVID-19,SA,1999,0
2026-09-02,COVID-19,TAS,1999,0
2026-09-02,COVID-19,VIC,1999,0
2026-09-02,COVID-19,WA,1999,0
2026-09-02,COVID-19,National,2000,0
2026-09-02,COVID-19,ACT,2000,0
2026-09-02,COVID-19,NSW,2000,0
2026-09-02,COVID-19,NT,2000,0
2026-09-02,COVID-19,QLD,2000,0
2026-09-02,COVID-19,SA,2000,0
2026-09-02,COVID-19,TAS,2000,0
2026-09-02,COVID-19,VIC,2000,0
2026-09-02,COVID-19,WA,2000,0
2026-09-02,COVID-19,National,2001,0
2026-09-02,COVID-19,ACT,2001,0
2026-09-02,COVID-19,NSW,2001,0
2026-09-02,COVID-19,NT,2001,0
2026-09-02,COVID-19,QLD,2001,0
2026-09-02,COVID-19,SA,2001,0
2026-09-02,COVID-19,TAS,2001,0
2026-09-02,COVID-19,VIC,2001,0
2026-09-02,COVID-19,WA,2001,0
2026-09-02,COVID-19,National,2002,0
2026-09-02,COVID-19,ACT,2002,0
2026-09-02,COVID-19,NSW,2002,0
2026-09-02,COVID-19,NT,2002,0
2026-09-02,COVID-19,QLD,2002,0
2026-09-02,COVID-19,SA,2002,0
2026-09-02,COVID-19,TAS,2002,0
2026-09-02,COVID-19,VIC,2002,0
2026-09-02,COVID-19,WA,2002,0
2026-09-02,COVID-19,National,2003,0
2026-09-02,COVID-19,ACT,2003,0
2026-09-02,COVID-19,NSW,2003,0
2026-09-02,COVID-19,NT,2003,0
2026-09-02,COVID-19,QLD,2003,0
2026-09-02,COVID-19,SA,2003,0
2026-09-02,COVID-19,TAS,2003,0
2026-09-02,COVID-19,VIC,2003,0
2026-09-02,COVID-19,WA,2003,0
2026-09-02,COVID-19,National,2004,0
2026-09-02,COVID-19,ACT,2004,0
2026-09-02,COVID-19,NSW,2004,0
2026-09-02,COVID-19,NT,2004,0
2026-09-02,COVID-19,QLD,2004,0
2026-09-02,COVID-19,SA,2004,0
2026-09-02,COVID-19,TAS,2004,0
2026-09-02,COVID-19,VIC,2004,0
2026-09-02,COVID-19,WA,2004,0
2026-09-02,COVID-19,National,2005,0
2026-09-02,COVID-19,ACT,2005,0
2026-09-02,COVID-19,NSW,2005,0
2026-09-02,COVID-19,NT,2005,0
2026-09-02,COVID-19,QLD,2005,0
2026-09-02,COVID-19,SA,2005,0
2026-09-02,COVID-19,TAS,2005,0
2026-09-02,COVID-19,VIC,2005,0
2026-09-02,COVID-19,WA,2005,0
2026-09-02,COVID-19,National,2006,0
2026-09-02,COVID-19,ACT,2006,0
2026-09-02,COVID-19,NSW,2006,0
2026-09-02,COVID-19,NT,2006,0
2026-09-02,COVID-19,QLD,2006,0
2026-09-02,COVID-19,SA,2006,0
2026-09-02,COVID-19,TAS,2006,0
2026-09-02,COVID-19,VIC,2006,0
2026-09-02,COVID-19,WA,2006,0
2026-09-02,COVID-19,National,2007,0
2026-09-02,COVID-19,ACT,2007,0
2026-09-02,COVID-19,NSW,2007,0
2026-09-02,COVID-19,NT,2007,0
2026-09-02,COVID-19,QLD,2007,0
2026-09-02,COVID-19,SA,2007,0
2026-09-02,COVID-19,TAS,2007,0
2026-09-02,COVID-19,VIC,2007,0
2026-09-02,COVID-19,WA,2007,0
2026-09-02,COVID-19,National,2008,0
2026-09-02,COVID-19,ACT,2008,0
2026-09-02,COVID-19,NSW,2008,0
2026-09-02,COVID-19,NT,2008,0
2026-09-02,COVID-19,QLD,2008,0
2026-09-02,COVID-19,SA,2008,0
2026-09-02,COVID-19,TAS,2008,0
2026-09-02,COVID-19,VIC,2008,0
2026-09-02,COVID-19,WA,2008,0
2026-09-02,COVID-19,National,2009,0
2026-09-02,COVID-19,ACT,2009,0
2026-09-02,COVID-19,NSW,2009,0
2026-09-02,COVID-19,NT,2009,0
2026-09-02,COVID-19,QLD,2009,0
2026-09-02,COVID-19,SA,2009,0
2026-09-02,COVID-19,TAS,2009,0
2026-09-02,COVID-19,VIC,2009,0
2026-09-02,COVID-19,WA,2009,0
2026-09-02,COVID-19,National,2010,0
2026-09-02,COVID-19,ACT,2010,0
2026-09-02,COVID-19,NSW,2010,0
2026-09-02,COVID-19,NT,2010,0
2026-09-02,COVID-19,QLD,2010,0
2026-09-02,COVID-19,SA,2010,0
2026-09-02,COVID-19,TAS,2010,0
2026-09-02,COVID-19,VIC,2010,0
2026-09-02,COVID-19,WA,2010,0
2026-09-02,COVID-19,National,2011,0
2026-09-02,COVID-19,ACT,2011,0
2026-09-02,COVID-19,NSW,2011,0
2026-09-02,COVID-19,NT,2011,0
2026-09-02,COVID-19,QLD,2011,0
2026-09-02,COVID-19,SA,2011,0
2026-09-02,COVID-19,TAS,2011,0
2026-09-02,COVID-19,VIC,2011,0
2026-09-02,COVID-19,WA,2011,0
2026-09-02,COVID-19,National,2012,0
2026-09-02,COVID-19,ACT,2012,0
2026-09-02,COVID-19,NSW,2012,0
2026-09-02,COVID-19,NT,2012,0
2026-09-02,COVID-19,QLD,2012,0
2026-09-02,COVID-19,SA,2012,0
2026-09-02,COVID-19,TAS,2012,0
2026-09-02,COVID-19,VIC,2012,0
2026-09-02,COVID-19,WA,2012,0
2026-09-02,COVID-19,National,2013,0
2026-09-02,COVID-19,ACT,2013,0
2026-09-02,COVID-19,NSW,2013,0
2026-09-02,COVID-19,NT,2013,0
2026-09-02,COVID-19,QLD,2013,0
2026-09-02,COVID-19,SA,2013,0
2026-09-02,COVID-19,TAS,2013,0
2026-09-02,COVID-19,VIC,2013,0
2026-09-02,COVID-19,WA,2013,0
2026-09-02,COVID-19,National,2014,0
2026-09-02,COVID-19,ACT,2014,0
2026-09-02,COVID-19,NSW,2014,0
2026-09-02,COVID-19,NT,2014,0
2026-09-02,COVID-19,QLD,2014,0
2026-09-02,COVID-19,SA,2014,0
2026-09-02,COVID-19,TAS,2014,0
2026-09-02,COVID-19,VIC,2014,0
2026-09-02,COVID-19,WA,2014,0
2026-09-02,COVID-19,National,2015,0
2026-09-02,COVID-19,ACT,2015,0
2026-09-02,COVID-19,NSW,2015,0
2026-09-02,COVID-19,NT,2015,0
2026-09-02,COVID-19,QLD,2015,0
2026-09-02,COVID-19,SA,2015,0
2026-09-02,COVID-19,TAS,2015,0
2026-09-02,COVID-19,VIC,2015,0
2026-09-02,COVID-19,WA,2015,0
2026-09-02,COVID-19,National,2016,0
2026-09-02,COVID-19,ACT,2016,0
2026-09-02,COVID-19,NSW,2016,0
2026-09-02,COVID-19,NT,2016,0
2026-09-02,COVID-19,QLD,2016,0
2026-09-02,COVID-19,SA,2016,0
2026-09-02,COVID-19,TAS,2016,0
2026-09-02,COVID-19,VIC,2016,0
2026-09-02,COVID-19,WA,2016,0
2026-09-02,COVID-19,National,2017,0
2026-09-02,COVID-19,ACT,2017,0
2026-09-02,COVID-19,NSW,2017,0
2026-09-02,COVID-19,NT,2017,0
2026-09-02,COVID-19,QLD,2017,0
2026-09-02,COVID-19,SA,2017,0
2026-09-02,COVID-19,TAS,2017,0
2026-09-02,COVID-19,VIC,2017,0
2026-09-02,COVID-19,WA,2017,0
2026-09-02,COVID-19,National,2018,0
2026-09-02,COVID-19,ACT,2018,0
2026-09-02,COVID-19,NSW,2018,0
2026-09-02,COVID-19,NT,2018,0
2026-09-02,COVID-19,QLD,2018,0
2026-09-02,COVID-19,SA,2018,0
2026-09-02,COVID-19,TAS,2018,0
2026-09-02,COVID-19,VIC,2018,0
2026-09-02,COVID-19,WA,2018,0
2026-09-02,COVID-19,National,2019,0
2026-09-02,COVID-19,ACT,2019,0
2026-09-02,COVID-19,NSW,2019,0
2026-09-02,COVID-19,NT,2019,0
2026-09-02,COVID-19,QLD,2019,0
2026-09-02,COVID-19,SA,2019,0
2026-09-02,COVID-19,TAS,2019,0
2026-09-02,COVID-19,VIC,2019,0
2026-09-02,COVID-19,WA,2019,0
2026-09-02,COVID-19,National,2020,28108
2026-09-02,COVID-19,ACT,2020,163
2026-09-02,COVID-19,NSW,2020,4977
2026-09-02,COVID-19,NT,2020,80
2026-09-02,COVID-19,QLD,2020,1295
2026-09-02,COVID-19,SA,2020,614
2026-09-02,COVID-19,TAS,2020,247
2026-09-02,COVID-19,VIC,2020,20729
2026-09-02,COVID-19,WA,2020,3
2026-09-02,COVID-19,National,2021,537811
2026-09-02,COVID-19,ACT,2021,6404
2026-09-02,COVID-19,NSW,2021,279307
2026-09-02,COVID-19,NT,2021,749
2026-09-02,COVID-19,QLD,2021,31616
2026-09-02,COVID-19,SA,2021,18632
2026-09-02,COVID-19,TAS,2021,1632
2026-09-02,COVID-19,VIC,2021,199405
2026-09-02,COVID-19,WA,2021,66
2026-09-02,COVID-19,National,2022,10280938
2026-09-02,COVID-19,ACT,2022,221293
2026-09-02,COVID-19,NSW,2022,3352509
2026-09-02,COVID-19,NT,2022,103137
2026-09-02,COVID-19,QLD,2022,1586921
2026-09-02,COVID-19,SA,2022,850076
2026-09-02,COVID-19,TAS,2022,279578
2026-09-02,COVID-19,VIC,2022,2621398
2026-09-02,COVID-19,WA,2022,1266026
2026-09-02,COVID-19,National,2023,862585
2026-09-02,COVID-19,ACT,2023,23303
2026-09-02,COVID-19,NSW,2023,307951
2026-09-02,COVID-19,NT,2023,6665
2026-09-02,COVID-19,QLD,2023,140251
2026-09-02,COVID-19,SA,2023,95172
2026-09-02,COVID-19,TAS,2023,34427
2026-09-02,COVID-19,VIC,2023,159290
2026-09-02,COVID-19,WA,2023,95526
2026-09-02,COVID-19,National,2024,340716
2026-09-02,COVID-19,ACT,2024,4791
2026-09-02,COVID-19,NSW,2024,132721
2026-09-02,COVID-19,NT,2024,2834
2026-09-02,COVID-19,QLD,2024,73662
2026-09-02,COVID-19,SA,2024,44119
2026-09-02,COVID-19,TAS,2024,12170
2026-09-02,COVID-19,VIC,2024,54331
2026-09-02,COVID-19,WA,2024,16088
2026-09-02,COVID-19,National,2025,185379
2026-09-02,COVID-19,ACT,2025,2985
2026-09-02,COVID-19,NSW,2025,81281
2026-09-02,COVID-19,NT,2025,1665
2026-09-02,COVID-19,QLD,2025,38232
2026-09-02,COVID-19,SA,2025,11471
2026-09-02,COVID-19,TAS,2025,2989
2026-09-02,COVID-19,VIC,2025,34697
2026-09-02,COVID-19,WA,2025,12059
2026-09-02,COVID-19,National,2026,66806
2026-09-02,COVID-19,ACT,2026,1087
2026-09-02,COVID-19,NSW,2026,31195
2026-09-02,COVID-19,NT,2026,299
2026-09-02,COVID-19,QLD,2026,12495
2026-09-02,COVID-19,SA,2026,4178
2026-09-02,COVID-19,TAS,2026,1076
2026-09-02,COVID-19,VIC,2026,12372
2026-09-02,COVID-19,WA,2026,4104
2026-09-02,Influenza,National,1991,0
2026-09-02,Influenza,ACT,1991,0
2026-09-02,Influenza,NSW,1991,0
2026-09-02,Influenza,NT,1991,0
2026-09-02,Influenza,QLD,1991,0
2026-09-02,Influenza,SA,1991,0
2026-09-02,Influenza,TAS,1991,0
2026-09-02,Influenza,VIC,1991,0
2026-09-02,Influenza,WA,1991,0
2026-09-02,Influenza,National,1992,0
2026-09-02,Influenza,ACT,1992,0
2026-09-02,Influenza,NSW,1992,0
2026-09-02,Influenza,NT,1992,0
2026-09-02,Influenza,QLD,1992,0
2026-09-02,Influenza,SA,1992,0
2026-09-02,Influenza,TAS,1992,0
2026-09-02,Influenza,VIC,1992,0
2026-09-02,Influenza,WA,1992,0
2026-09-02,Influenza,National,1993,0
2026-09-02,Influenza,ACT,1993,0
2026-09-02,Influenza,NSW,1993,0
2026-09-02,Influenza,NT,1993,0
2026-09-02,Influenza,QLD,1993,0
2026-09-02,Influenza,SA,1993,0
2026-09-02,Influenza,TAS,1993,0
2026-09-02,Influenza,VIC,1993,0
2026-09-02,Influenza,WA,1993,0
2026-09-02,Influenza,National,1994,0
2026-09-02,Influenza,ACT,1994,0
2026-09-02,Influenza,NSW,1994,0
2026-09-02,Influenza,NT,1994,0
2026-09-02,Influenza,QLD,1994,0
2026-09-02,Influenza,SA,1994,0
2026-09-02,Influenza,TAS,1994,0
2026-09-02,Influenza,VIC,1994,0
2026-09-02,Influenza,WA,1994,0
2026-09-02,Influenza,National,1995,0
2026-09-02,Influenza,ACT,1995,0
2026-09-02,Influenza,NSW,1995,0
2026-09-02,Influenza,NT,1995,0
2026-09-02,Influenza,QLD,1995,0
2026-09-02,Influenza,SA,1995,0
2026-09-02,Influenza,TAS,1995,0
2026-09-02,Influenza,VIC,1995,0
2026-09-02,Influenza,WA,1995,0
2026-09-02,Influenza,National,1996,0
2026-09-02,Influenza,ACT,1996,0
2026-09-02,Influenza,NSW,1996,0
2026-09-02,Influenza,NT,1996,0
2026-09-02,Influenza,QLD,1996,0
2026-09-02,Influenza,SA,1996,0
2026-09-02,Influenza,TAS,1996,0
2026-09-02,Influenza,VIC,1996,0
2026-09-02,Influenza,WA,1996,0
2026-09-02,Influenza,National,1997,0
2026-09-02,Influenza,ACT,1997,0
2026-09-02,Influenza,NSW,1997,0
2026-09-02,Influenza,NT,1997,0
2026-09-02,Influenza,QLD,1997,0
2026-09-02,Influenza,SA,1997,0
2026-09-02,Influenza,TAS,1997,0
2026-09-02,Influenza,VIC,1997,0
2026-09-02,Influenza,WA,1997,0
2026-09-02,Influenza,National,1998,0
2026-09-02,Influenza,ACT,1998,0
2026-09-02,Influenza,NSW,1998,0
2026-09-02,Influenza,NT,1998,0
2026-09-02,Influenza,QLD,1998,0
2026-09-02,Influenza,SA,1998,0
2026-09-02,Influenza,TAS,1998,0
2026-09-02,Influenza,VIC,1998,0
2026-09-02,Influenza,WA,1998,0
2026-09-02,Influenza,National,1999,0
2026-09-02,Influenza,ACT,1999,0
2026-09-02,Influenza,NSW,1999,0
2026-09-02,Influenza,NT,1999,0
2026-09-02,Influenza,QLD,1999,0
2026-09-02,Influenza,SA,1999,0
2026-09-02,Influenza,TAS,1999,0
2026-09-02,Influenza,VIC,1999,0
2026-09-02,Influenza,WA,1999,0
2026-09-02,Influenza,National,2000,0
2026-09-02,Influenza,ACT,2000,0
2026-09-02,Influenza,NSW,2000,0
2026-09-02,Influenza,NT,2000,0
2026-09-02,Influenza,QLD,2000,0
2026-09-02,Influenza,SA,2000,0
2026-09-02,Influenza,TAS,2000,0
2026-09-02,Influenza,VIC,2000,0
2026-09-02,Influenza,WA,2000,0
2026-09-02,Influenza,National,2001,1231
2026-09-02,Influenza,ACT,2001,14
2026-09-02,Influenza,NSW,2001,246
2026-09-02,Influenza,NT,2001,95
2026-09-02,Influenza,QLD,2001,394
2026-09-02,Influenza,SA,2001,137
2026-09-02,Influenza,TAS,2001,0
2026-09-02,Influenza,VIC,2001,177
2026-09-02,Influenza,WA,2001,168
2026-09-02,Influenza,National,2002,3730
2026-09-02,Influenza,ACT,2002,19
2026-09-02,Influenza,NSW,2002,1012
2026-09-02,Influenza,NT,2002,54
2026-09-02,Influenza,QLD,2002,1142
2026-09-02,Influenza,SA,2002,291
2026-09-02,Influenza,TAS,2002,7
2026-09-02,Influenza,VIC,2002,594
2026-09-02,Influenza,WA,2002,611
2026-09-02,Influenza,National,2003,3424
2026-09-02,Influenza,ACT,2003,8
2026-09-02,Influenza,NSW,2003,863
2026-09-02,Influenza,NT,2003,151
2026-09-02,Influenza,QLD,2003,888
2026-09-02,Influenza,SA,2003,311
2026-09-02,Influenza,TAS,2003,7
2026-09-02,Influenza,VIC,2003,645
2026-09-02,Influenza,WA,2003,551
2026-09-02,Influenza,National,2004,2067
2026-09-02,Influenza,ACT,2004,3
2026-09-02,Influenza,NSW,2004,937
2026-09-02,Influenza,NT,2004,39
2026-09-02,Influenza,QLD,2004,615
2026-09-02,Influenza,SA,2004,75
2026-09-02,Influenza,TAS,2004,3
2026-09-02,Influenza,VIC,2004,205
2026-09-02,Influenza,WA,2004,190
2026-09-02,Influenza,National,2005,4561
2026-09-02,Influenza,ACT,2005,42
2026-09-02,Influenza,NSW,2005,1414
2026-09-02,Influenza,NT,2005,61
2026-09-02,Influenza,QLD,2005,1691
2026-09-02,Influenza,SA,2005,277
2026-09-02,Influenza,TAS,2005,19
2026-09-02,Influenza,VIC,2005,595
2026-09-02,Influenza,WA,2005,462
2026-09-02,Influenza,National,2006,3313
2026-09-02,Influenza,ACT,2006,80
2026-09-02,Influenza,NSW,2006,677
2026-09-02,Influenza,NT,2006,41
2026-09-02,Influenza,QLD,2006,1747
2026-09-02,Influenza,SA,2006,89
2026-09-02,Influenza,TAS,2006,47
2026-09-02,Influenza,VIC,2006,421
2026-09-02,Influenza,WA,2006,211
2026-09-02,Influenza,National,2007,10533
2026-09-02,Influenza,ACT,2007,391
2026-09-02,Influenza,NSW,2007,2056
2026-09-02,Influenza,NT,2007,183
2026-09-02,Influenza,QLD,2007,4575
2026-09-02,Influenza,SA,2007,282
2026-09-02,Influenza,TAS,2007,416
2026-09-02,Influenza,VIC,2007,1597
2026-09-02,Influenza,WA,2007,1033
2026-09-02,Influenza,National,2008,9173
2026-09-02,Influenza,ACT,2008,244
2026-09-02,Influenza,NSW,2008,1854
2026-09-02,Influenza,NT,2008,200
2026-09-02,Influenza,QLD,2008,3696
2026-09-02,Influenza,SA,2008,474
2026-09-02,Influenza,TAS,2008,385
2026-09-02,Influenza,VIC,2008,1300
2026-09-02,Influenza,WA,2008,1020
2026-09-02,Influenza,National,2009,59035
2026-09-02,Influenza,ACT,2009,1264
2026-09-02,Influenza,NSW,2009,12841
2026-09-02,Influenza,NT,2009,1979
2026-09-02,Influenza,QLD,2009,18313
2026-09-02,Influenza,SA,2009,10764
2026-09-02,Influenza,TAS,2009,1311
2026-09-02,Influenza,VIC,2009,7038
2026-09-02,Influenza,WA,2009,5525
2026-09-02,Influenza,National,2010,13425
2026-09-02,Influenza,ACT,2010,95
2026-09-02,Influenza,NSW,2010,1564
2026-09-02,Influenza,NT,2010,479
2026-09-02,Influenza,QLD,2010,3211
2026-09-02,Influenza,SA,2010,4260
2026-09-02,Influenza,TAS,2010,107
2026-09-02,Influenza,VIC,2010,2084
2026-09-02,Influenza,WA,2010,1625
2026-09-02,Influenza,National,2011,27219
2026-09-02,Influenza,ACT,2011,270
2026-09-02,Influenza,NSW,2011,5791
2026-09-02,Influenza,NT,2011,597
2026-09-02,Influenza,QLD,2011,10382
2026-09-02,Influenza,SA,2011,4742
2026-09-02,Influenza,TAS,2011,363
2026-09-02,Influenza,VIC,2011,3211
2026-09-02,Influenza,WA,2011,1863
2026-09-02,Influenza,National,2012,44545
2026-09-02,Influenza,ACT,2012,667
2026-09-02,Influenza,NSW,2012,7991
2026-09-02,Influenza,NT,2012,443
2026-09-02,Influenza,QLD,2012,16834
2026-09-02,Influenza,SA,2012,6287
2026-09-02,Influenza,TAS,2012,1095
2026-09-02,Influenza,VIC,2012,5994
2026-09-02,Influenza,WA,2012,5234
2026-09-02,Influenza,National,2013,28292
2026-09-02,Influenza,ACT,2013,552
2026-09-02,Influenza,NSW,2013,8384
2026-09-02,Influenza,NT,2013,480
2026-09-02,Influenza,QLD,2013,5507
2026-09-02,Influenza,SA,2013,4827
2026-09-02,Influenza,TAS,2013,297
2026-09-02,Influenza,VIC,2013,5847
2026-09-02,Influenza,WA,2013,2398
2026-09-02,Influenza,National,2014,67692
2026-09-02,Influenza,ACT,2014,1262
2026-09-02,Influenza,NSW,2014,20896
2026-09-02,Influenza,NT,2014,810
2026-09-02,Influenza,QLD,2014,17895
2026-09-02,Influenza,SA,2014,11043
2026-09-02,Influenza,TAS,2014,675
2026-09-02,Influenza,VIC,2014,9861
2026-09-02,Influenza,WA,2014,5250
2026-09-02,Influenza,National,2015,100565
2026-09-02,Influenza,ACT,2015,1206
2026-09-02,Influenza,NSW,2015,30250
2026-09-02,Influenza,NT,2015,676
2026-09-02,Influenza,QLD,2015,28061
2026-09-02,Influenza,SA,2015,15654
2026-09-02,Influenza,TAS,2015,1437
2026-09-02,Influenza,VIC,2015,17289
2026-09-02,Influenza,WA,2015,5992
2026-09-02,Influenza,National,2016,90869
2026-09-02,Influenza,ACT,2016,1604
2026-09-02,Influenza,NSW,2016,35576
2026-09-02,Influenza,NT,2016,701
2026-09-02,Influenza,QLD,2016,23294
2026-09-02,Influenza,SA,2016,7871
2026-09-02,Influenza,TAS,2016,1056
2026-09-02,Influenza,VIC,2016,12938
2026-09-02,Influenza,WA,2016,7829
2026-09-02,Influenza,National,2017,251260
2026-09-02,Influenza,ACT,2017,3094
2026-09-02,Influenza,NSW,2017,103837
2026-09-02,Influenza,NT,2017,1474
2026-09-02,Influenza,QLD,2017,56613
2026-09-02,Influenza,SA,2017,28495
2026-09-02,Influenza,TAS,2017,3509
2026-09-02,Influenza,VIC,2017,48222
2026-09-02,Influenza,WA,2017,6016
2026-09-02,Influenza,National,2018,58869
2026-09-02,Influenza,ACT,2018,474
2026-09-02,Influenza,NSW,2018,17515
2026-09-02,Influenza,NT,2018,1195
2026-09-02,Influenza,QLD,2018,15699
2026-09-02,Influenza,SA,2018,5895
2026-09-02,Influenza,TAS,2018,452
2026-09-02,Influenza,VIC,2018,11774
2026-09-02,Influenza,WA,2018,5865
2026-09-02,Influenza,National,2019,313472
2026-09-02,Influenza,ACT,2019,4056
2026-09-02,Influenza,NSW,2019,116462
2026-09-02,Influenza,NT,2019,1738
2026-09-02,Influenza,QLD,2019,68167
2026-09-02,Influenza,SA,2019,27092
2026-09-02,Influenza,TAS,2019,3136
2026-09-02,Influenza,VIC,2019,69573
2026-09-02,Influenza,WA,2019,23248
2026-09-02,Influenza,National,2020,21358
2026-09-02,Influenza,ACT,2020,199
2026-09-02,Influenza,NSW,2020,7248
2026-09-02,Influenza,NT,2020,282
2026-09-02,Influenza,QLD,2020,6046
2026-09-02,Influenza,SA,2020,1536
2026-09-02,Influenza,TAS,2020,169
2026-09-02,Influenza,VIC,2020,4663
2026-09-02,Influenza,WA,2020,1215
2026-09-02,Influenza,National,2021,752
2026-09-02,Influenza,ACT,2021,9
2026-09-02,Influenza,NSW,2021,136
2026-09-02,Influenza,NT,2021,81
2026-09-02,Influenza,QLD,2021,298
2026-09-02,Influenza,SA,2021,38
2026-09-02,Influenza,TAS,2021,40
2026-09-02,Influenza,VIC,2021,111
2026-09-02,Influenza,WA,2021,39
2026-09-02,Influenza,National,2022,233455
2026-09-02,Influenza,ACT,2022,2114
2026-09-02,Influenza,NSW,2022,116370
2026-09-02,Influenza,NT,2022,4794
2026-09-02,Influenza,QLD,2022,44436
2026-09-02,Influenza,SA,2022,12092
2026-09-02,Influenza,TAS,2022,2983
2026-09-02,Influenza,VIC,2022,36603
2026-09-02,Influenza,WA,2022,14063
2026-09-02,Influenza,National,2023,289182
2026-09-02,Influenza,ACT,2023,4128
2026-09-02,Influenza,NSW,2023,104651
2026-09-02,Influenza,NT,2023,2777
2026-09-02,Influenza,QLD,2023,74343
2026-09-02,Influenza,SA,2023,22367
2026-09-02,Influenza,TAS,2023,3567
2026-09-02,Influenza,VIC,2023,56155
2026-09-02,Influenza,WA,2023,21194
2026-09-02,Influenza,National,2024,365632
2026-09-02,Influenza,ACT,2024,4841
2026-09-02,Influenza,NSW,2024,161539
2026-09-02,Influenza,NT,2024,3302
2026-09-02,Influenza,QLD,2024,79783
2026-09-02,Influenza,SA,2024,22762
2026-09-02,Influenza,TAS,2024,4058
2026-09-02,Influenza,VIC,2024,72227
2026-09-02,Influenza,WA,2024,17120
2026-09-02,Influenza,National,2025,502939
2026-09-02,Influenza,ACT,2025,8980
2026-09-02,Influenza,NSW,2025,187152
2026-09-02,Influenza,NT,2025,5384
2026-09-02,Influenza,QLD,2025,99927
2026-09-02,Influenza,SA,2025,36217
2026-09-02,Influenza,TAS,2025,9345
2026-09-02,Influenza,VIC,2025,119331
2026-09-02,Influenza,WA,2025,36603
2026-09-02,Influenza,National,2026,116968
2026-09-02,Influenza,ACT,2026,1904
2026-09-02,Influenza,NSW,2026,60536
2026-09-02,Influenza,NT,2026,833
2026-09-02,Influenza,QLD,2026,21727
2026-09-02,Influenza,SA,2026,4731
2026-09-02,Influenza,TAS,2026,789
2026-09-02,Influenza,VIC,2026,18119
2026-09-02,Influenza,WA,2026,8329
2026-09-02,RSV,National,1991,0
2026-09-02,RSV,ACT,1991,0
2026-09-02,RSV,NSW,1991,0
2026-09-02,RSV,NT,1991,0
2026-09-02,RSV,QLD,1991,0
2026-09-02,RSV,SA,1991,0
2026-09-02,RSV,TAS,1991,0
2026-09-02,RSV,VIC,1991,0
2026-09-02,RSV,WA,1991,0
2026-09-02,RSV,National,1992,0
2026-09-02,RSV,ACT,1992,0
2026-09-02,RSV,NSW,1992,0
2026-09-02,RSV,NT,1992,0
2026-09-02,RSV,QLD,1992,0
2026-09-02,RSV,SA,1992,0
2026-09-02,RSV,TAS,1992,0
2026-09-02,RSV,VIC,1992,0
2026-09-02,RSV,WA,1992,0
2026-09-02,RSV,National,1993,0
2026-09-02,RSV,ACT,1993,0
2026-09-02,RSV,NSW,1993,0
2026-09-02,RSV,NT,1993,0
2026-09-02,RSV,QLD,1993,0
2026-09-02,RSV,SA,1993,0
2026-09-02,RSV,TAS,1993,0
2026-09-02,RSV,VIC,1993,0
2026-09-02,RSV,WA,1993,0
2026-09-02,RSV,National,1994,0
2026-09-02,RSV,ACT,1994,0
2026-09-02,RSV,NSW,1994,0
2026-09-02,RSV,NT,1994,0
2026-09-02,RSV,QLD,1994,0
2026-09-02,RSV,SA,1994,0
2026-09-02,RSV,TAS,1994,0
2026-09-02,RSV,VIC,1994,0
2026-09-02,RSV,WA,1994,0
2026-09-02,RSV,National,1995,0
2026-09-02,RSV,ACT,1995,0
2026-09-02,RSV,NSW,1995,0
2026-09-02,RSV,NT,1995,0
2026-09-02,RSV,QLD,1995,0
2026-09-02,RSV,SA,1995,0
2026-09-02,RSV,TAS,1995,0
2026-09-02,RSV,VIC,1995,0
2026-09-02,RSV,WA,1995,0
2026-09-02,RSV,National,1996,0
2026-09-02,RSV,ACT,1996,0
2026-09-02,RSV,NSW,1996,0
2026-09-02,RSV,NT,1996,0
2026-09-02,RSV,QLD,1996,0
2026-09-02,RSV,SA,1996,0
2026-09-02,RSV,TAS,1996,0
2026-09-02,RSV,VIC,1996,0
2026-09-02,RSV,WA,1996,0
2026-09-02,RSV,National,1997,0
2026-09-02,RSV,ACT,1997,0
2026-09-02,RSV,NSW,1997,0
2026-09-02,RSV,NT,1997,0
2026-09-02,RSV,QLD,1997,0
2026-09-02,RSV,SA,1997,0
2026-09-02,RSV,TAS,1997,0
2026-09-02,RSV,VIC,1997,0
2026-09-02,RSV,WA,1997,0
2026-09-02,RSV,National,1998,0
2026-09-02,RSV,ACT,1998,0
2026-09-02,RSV,NSW,1998,0
2026-09-02,RSV,NT,1998,0
2026-09-02,RSV,QLD,1998,0
2026-09-02,RSV,SA,1998,0
2026-09-02,RSV,TAS,1998,0
2026-09-02,RSV,VIC,1998,0
2026-09-02,RSV,WA,1998,0
2026-09-02,RSV,National,1999,0
2026-09-02,RSV,ACT,1999,0
2026-09-02,RSV,NSW,1999,0
2026-09-02,RSV,NT,1999,0
2026-09-02,RSV,QLD,1999,0
2026-09-02,RSV,SA,1999,0
2026-09-02,RSV,TAS,1999,0
2026-09-02,RSV,VIC,1999,0
2026-09-02,RSV,WA,1999,0
2026-09-02,RSV,National,2000,0
2026-09-02,RSV,ACT,2000,0
2026-09-02,RSV,NSW,2000,0
2026-09-02,RSV,NT,2000,0
2026-09-02,RSV,QLD,2000,0
2026-09-02,RSV,SA,2000,0
2026-09-02,RSV,TAS,2000,0
2026-09-02,RSV,VIC,2000,0
2026-09-02,RSV,WA,2000,0
2026-09-02,RSV,National,2001,0
2026-09-02,RSV,ACT,2001,0
2026-09-02,RSV,NSW,2001,0
2026-09-02,RSV,NT,2001,0
2026-09-02,RSV,QLD,2001,0
2026-09-02,RSV,SA,2001,0
2026-09-02,RSV,TAS,2001,0
2026-09-02,RSV,VIC,2001,0
2026-09-02,RSV,WA,2001,0
2026-09-02,RSV,National,2002,0
2026-09-02,RSV,ACT,2002,0
2026-09-02,RSV,NSW,2002,0
2026-09-02,RSV,NT,2002,0
2026-09-02,RSV,QLD,2002,0
2026-09-02,RSV,SA,2002,0
2026-09-02,RSV,TAS,2002,0
2026-09-02,RSV,VIC,2002,0
2026-09-02,RSV,WA,2002,0
2026-09-02,RSV,National,2003,3
2026-09-02,RSV,ACT,2003,0
2026-09-02,RSV,NSW,2003,0
2026-09-02,RSV,NT,2003,0
2026-09-02,RSV,QLD,2003,0
2026-09-02,RSV,SA,2003,0
2026-09-02,RSV,TAS,2003,0
2026-09-02,RSV,VIC,2003,0
2026-09-02,RSV,WA,2003,3
2026-09-02,RSV,National,2004,0
2026-09-02,RSV,ACT,2004,0
2026-09-02,RSV,NSW,2004,0
2026-09-02,RSV,NT,2004,0
2026-09-02,RSV,QLD,2004,0
2026-09-02,RSV,SA,2004,0
2026-09-02,RSV,TAS,2004,0
2026-09-02,RSV,VIC,2004,0
2026-09-02,RSV,WA,2004,0
2026-09-02,RSV,National,2005,0
2026-09-02,RSV,ACT,2005,0
2026-09-02,RSV,NSW,2005,0
2026-09-02,RSV,NT,2005,0
2026-09-02,RSV,QLD,2005,0
2026-09-02,RSV,SA,2005,0
2026-09-02,RSV,TAS,2005,0
2026-09-02,RSV,VIC,2005,0
2026-09-02,RSV,WA,2005,0
2026-09-02,RSV,National,2006,0
2026-09-02,RSV,ACT,2006,0
2026-09-02,RSV,NSW,2006,0
2026-09-02,RSV,NT,2006,0
2026-09-02,RSV,QLD,2006,0
2026-09-02,RSV,SA,2006,0
2026-09-02,RSV,TAS,2006,0
2026-09-02,RSV,VIC,2006,0
2026-09-02,RSV,WA,2006,0
2026-09-02,RSV,National,2007,0
2026-09-02,RSV,ACT,2007,0
2026-09-02,RSV,NSW,2007,0
2026-09-02,RSV,NT,2007,0
2026-09-02,RSV,QLD,2007,0
2026-09-02,RSV,SA,2007,0
2026-09-02,RSV,TAS,2007,0
2026-09-02,RSV,VIC,2007,0
2026-09-02,RSV,WA,2007,0
2026-09-02,RSV,National,2008,3
2026-09-02,RSV,ACT,2008,0
2026-09-02,RSV,NSW,2008,0
2026-09-02,RSV,NT,2008,0
2026-09-02,RSV,QLD,2008,3
2026-09-02,RSV,SA,2008,0
2026-09-02,RSV,TAS,2008,0
2026-09-02,RSV,VIC,2008,0
2026-09-02,RSV,WA,2008,0
2026-09-02,RSV,National,2009,3
2026-09-02,RSV,ACT,2009,0
2026-09-02,RSV,NSW,2009,0
2026-09-02,RSV,NT,2009,0
2026-09-02,RSV,QLD,2009,3
2026-09-02,RSV,SA,2009,0
2026-09-02,RSV,TAS,2009,0
2026-09-02,RSV,VIC,2009,0
2026-09-02,RSV,WA,2009,0
2026-09-02,RSV,National,2010,0
2026-09-02,RSV,ACT,2010,0
2026-09-02,RSV,NSW,2010,0
2026-09-02,RSV,NT,2010,0
2026-09-02,RSV,QLD,2010,0
2026-09-02,RSV,SA,2010,0
2026-09-02,RSV,TAS,2010,0
2026-09-02,RSV,VIC,2010,0
2026-09-02,RSV,WA,2010,0
2026-09-02,RSV,National,2011,0
2026-09-02,RSV,ACT,2011,0
2026-09-02,RSV,NSW,2011,0
2026-09-02,RSV,NT,2011,0
2026-09-02,RSV,QLD,2011,0
2026-09-02,RSV,SA,2011,0
2026-09-02,RSV,TAS,2011,0
2026-09-02,RSV,VIC,2011,0
2026-09-02,RSV,WA,2011,0
2026-09-02,RSV,National,2012,0
2026-09-02,RSV,ACT,2012,0
2026-09-02,RSV,NSW,2012,0
2026-09-02,RSV,NT,2012,0
2026-09-02,RSV,QLD,2012,0
2026-09-02,RSV,SA,2012,0
2026-09-02,RSV,TAS,2012,0
2026-09-02,RSV,VIC,2012,0
2026-09-02,RSV,WA,2012,0
2026-09-02,RSV,National,2013,3
2026-09-02,RSV,ACT,2013,0
2026-09-02,RSV,NSW,2013,3
2026-09-02,RSV,NT,2013,0
2026-09-02,RSV,QLD,2013,0
2026-09-02,RSV,SA,2013,0
2026-09-02,RSV,TAS,2013,0
2026-09-02,RSV,VIC,2013,0
2026-09-02,RSV,WA,2013,0
2026-09-02,RSV,National,2014,6
2026-09-02,RSV,ACT,2014,0
2026-09-02,RSV,NSW,2014,3
2026-09-02,RSV,NT,2014,0
2026-09-02,RSV,QLD,2014,3
2026-09-02,RSV,SA,2014,0
2026-09-02,RSV,TAS,2014,0
2026-09-02,RSV,VIC,2014,0
2026-09-02,RSV,WA,2014,0
2026-09-02,RSV,National,2015,3
2026-09-02,RSV,ACT,2015,0
2026-09-02,RSV,NSW,2015,0
2026-09-02,RSV,NT,2015,0
2026-09-02,RSV,QLD,2015,3
2026-09-02,RSV,SA,2015,0
2026-09-02,RSV,TAS,2015,0
2026-09-02,RSV,VIC,2015,0
2026-09-02,RSV,WA,2015,0
2026-09-02,RSV,National,2016,3
2026-09-02,RSV,ACT,2016,0
2026-09-02,RSV,NSW,2016,0
2026-09-02,RSV,NT,2016,0
2026-09-02,RSV,QLD,2016,3
2026-09-02,RSV,SA,2016,0
2026-09-02,RSV,TAS,2016,0
2026-09-02,RSV,VIC,2016,0
2026-09-02,RSV,WA,2016,0
2026-09-02,RSV,National,2017,3
2026-09-02,RSV,ACT,2017,0
2026-09-02,RSV,NSW,2017,0
2026-09-02,RSV,NT,2017,0
2026-09-02,RSV,QLD,2017,3
2026-09-02,RSV,SA,2017,0
2026-09-02,RSV,TAS,2017,0
2026-09-02,RSV,VIC,2017,0
2026-09-02,RSV,WA,2017,0
2026-09-02,RSV,National,2018,6
2026-09-02,RSV,ACT,2018,0
2026-09-02,RSV,NSW,2018,3
2026-09-02,RSV,NT,2018,0
2026-09-02,RSV,QLD,2018,3
2026-09-02,RSV,SA,2018,0
2026-09-02,RSV,TAS,2018,0
2026-09-02,RSV,VIC,2018,0
2026-09-02,RSV,WA,2018,0
2026-09-02,RSV,National,2019,6
2026-09-02,RSV,ACT,2019,0
2026-09-02,RSV,NSW,2019,3
2026-09-02,RSV,NT,2019,0
2026-09-02,RSV,QLD,2019,3
2026-09-02,RSV,SA,2019,0
2026-09-02,RSV,TAS,2019,0
2026-09-02,RSV,VIC,2019,0
2026-09-02,RSV,WA,2019,0
2026-09-02,RSV,National,2020,11
2026-09-02,RSV,ACT,2020,0
2026-09-02,RSV,NSW,2020,3
2026-09-02,RSV,NT,2020,0
2026-09-02,RSV,QLD,2020,5
2026-09-02,RSV,SA,2020,0
2026-09-02,RSV,TAS,2020,0
2026-09-02,RSV,VIC,2020,0
2026-09-02,RSV,WA,2020,3
2026-09-02,RSV,National,2021,1564
2026-09-02,RSV,ACT,2021,0
2026-09-02,RSV,NSW,2021,5
2026-09-02,RSV,NT,2021,366
2026-09-02,RSV,QLD,2021,632
2026-09-02,RSV,SA,2021,69
2026-09-02,RSV,TAS,2021,0
2026-09-02,RSV,VIC,2021,3
2026-09-02,RSV,WA,2021,489
2026-09-02,RSV,National,2022,96044
2026-09-02,RSV,ACT,2022,1421
2026-09-02,RSV,NSW,2022,5977
2026-09-02,RSV,NT,2022,1361
2026-09-02,RSV,QLD,2022,29701
2026-09-02,RSV,SA,2022,9538
2026-09-02,RSV,TAS,2022,4035
2026-09-02,RSV,VIC,2022,32355
2026-09-02,RSV,WA,2022,11656
2026-09-02,RSV,National,2023,128200
2026-09-02,RSV,ACT,2023,2053
2026-09-02,RSV,NSW,2023,46585
2026-09-02,RSV,NT,2023,676
2026-09-02,RSV,QLD,2023,28792
2026-09-02,RSV,SA,2023,12176
2026-09-02,RSV,TAS,2023,2137
2026-09-02,RSV,VIC,2023,25239
2026-09-02,RSV,WA,2023,10542
2026-09-02,RSV,National,2024,176041
2026-09-02,RSV,ACT,2024,2742
2026-09-02,RSV,NSW,2024,73690
2026-09-02,RSV,NT,2024,1845
2026-09-02,RSV,QLD,2024,42663
2026-09-02,RSV,SA,2024,12132
2026-09-02,RSV,TAS,2024,2904
2026-09-02,RSV,VIC,2024,30789
2026-09-02,RSV,WA,2024,9276
2026-09-02,RSV,National,2025,177946
2026-09-02,RSV,ACT,2025,3075
2026-09-02,RSV,NSW,2025,71499
2026-09-02,RSV,NT,2025,1543
2026-09-02,RSV,QLD,2025,34582
2026-09-02,RSV,SA,2025,12921
2026-09-02,RSV,TAS,2025,3063
2026-09-02,RSV,VIC,2025,38434
2026-09-02,RSV,WA,2025,12829
2026-09-02,RSV,National,2026,121980
2026-09-02,RSV,ACT,2026,1932
2026-09-02,RSV,NSW,2026,52338
2026-09-02,RSV,NT,2026,969
2026-09-02,RSV,QLD,2026,22048
2026-09-02,RSV,SA,2026,8393
2026-09-02,RSV,TAS,2026,2206
2026-09-02,RSV,VIC,2026,25145
2026-09-02,RSV,WA,2026,8949
2026-09-02,Measles,National,1991,1479
2026-09-02,Measles,ACT,1991,50
2026-09-02,Measles,NSW,1991,494
2026-09-02,Measles,NT,1991,90
2026-09-02,Measles,QLD,1991,153
2026-09-02,Measles,SA,1991,155
2026-09-02,Measles,TAS,1991,25
2026-09-02,Measles,VIC,1991,455
2026-09-02,Measles,WA,1991,57
2026-09-02,Measles,National,1992,1437
2026-09-02,Measles,ACT,1992,58
2026-09-02,Measles,NSW,1992,804
2026-09-02,Measles,NT,1992,37
2026-09-02,Measles,QLD,1992,115
2026-09-02,Measles,SA,1992,163
2026-09-02,Measles,TAS,1992,7
2026-09-02,Measles,VIC,1992,219
2026-09-02,Measles,WA,1992,34
2026-09-02,Measles,National,1993,4680
2026-09-02,Measles,ACT,1993,181
2026-09-02,Measles,NSW,1993,2344
2026-09-02,Measles,NT,1993,7
2026-09-02,Measles,QLD,1993,977
2026-09-02,Measles,SA,1993,88
2026-09-02,Measles,TAS,1993,850
2026-09-02,Measles,VIC,1993,191
2026-09-02,Measles,WA,1993,42
2026-09-02,Measles,National,1994,4794
2026-09-02,Measles,ACT,1994,118
2026-09-02,Measles,NSW,1994,1483
2026-09-02,Measles,NT,1994,437
2026-09-02,Measles,QLD,1994,2345
2026-09-02,Measles,SA,1994,66
2026-09-02,Measles,TAS,1994,31
2026-09-02,Measles,VIC,1994,186
2026-09-02,Measles,WA,1994,128
2026-09-02,Measles,National,1995,1182
2026-09-02,Measles,ACT,1995,41
2026-09-02,Measles,NSW,1995,596
2026-09-02,Measles,NT,1995,78
2026-09-02,Measles,QLD,1995,199
2026-09-02,Measles,SA,1995,6
2026-09-02,Measles,TAS,1995,54
2026-09-02,Measles,VIC,1995,150
2026-09-02,Measles,WA,1995,58
2026-09-02,Measles,National,1996,478
2026-09-02,Measles,ACT,1996,9
2026-09-02,Measles,NSW,1996,191
2026-09-02,Measles,NT,1996,29
2026-09-02,Measles,QLD,1996,90
2026-09-02,Measles,SA,1996,13
2026-09-02,Measles,TAS,1996,20
2026-09-02,Measles,VIC,1996,94
2026-09-02,Measles,WA,1996,32
2026-09-02,Measles,National,1997,831
2026-09-02,Measles,ACT,1997,44
2026-09-02,Measles,NSW,1997,272
2026-09-02,Measles,NT,1997,8
2026-09-02,Measles,QLD,1997,267
2026-09-02,Measles,SA,1997,28
2026-09-02,Measles,TAS,1997,41
2026-09-02,Measles,VIC,1997,89
2026-09-02,Measles,WA,1997,82
2026-09-02,Measles,National,1998,287
2026-09-02,Measles,ACT,1998,8
2026-09-02,Measles,NSW,1998,119
2026-09-02,Measles,NT,1998,3
2026-09-02,Measles,QLD,1998,35
2026-09-02,Measles,SA,1998,6
2026-09-02,Measles,TAS,1998,36
2026-09-02,Measles,VIC,1998,30
2026-09-02,Measles,WA,1998,50
2026-09-02,Measles,National,1999,241
2026-09-02,Measles,ACT,1999,5
2026-09-02,Measles,NSW,1999,35
2026-09-02,Measles,NT,1999,23
2026-09-02,Measles,QLD,1999,33
2026-09-02,Measles,SA,1999,5
2026-09-02,Measles,TAS,1999,11
2026-09-02,Measles,VIC,1999,109
2026-09-02,Measles,WA,1999,20
2026-09-02,Measles,National,2000,108
2026-09-02,Measles,ACT,2000,3
2026-09-02,Measles,NSW,2000,35
2026-09-02,Measles,NT,2000,0
2026-09-02,Measles,QLD,2000,28
2026-09-02,Measles,SA,2000,11
2026-09-02,Measles,TAS,2000,0
2026-09-02,Measles,VIC,2000,21
2026-09-02,Measles,WA,2000,10
2026-09-02,Measles,National,2001,134
2026-09-02,Measles,ACT,2001,0
2026-09-02,Measles,NSW,2001,23
2026-09-02,Measles,NT,2001,0
2026-09-02,Measles,QLD,2001,11
2026-09-02,Measles,SA,2001,3
2026-09-02,Measles,TAS,2001,3
2026-09-02,Measles,VIC,2001,81
2026-09-02,Measles,WA,2001,13
2026-09-02,Measles,National,2002,32
2026-09-02,Measles,ACT,2002,0
2026-09-02,Measles,NSW,2002,7
2026-09-02,Measles,NT,2002,0
2026-09-02,Measles,QLD,2002,8
2026-09-02,Measles,SA,2002,3
2026-09-02,Measles,TAS,2002,0
2026-09-02,Measles,VIC,2002,14
2026-09-02,Measles,WA,2002,0
2026-09-02,Measles,National,2003,94
2026-09-02,Measles,ACT,2003,0
2026-09-02,Measles,NSW,2003,17
2026-09-02,Measles,NT,2003,3
2026-09-02,Measles,QLD,2003,11
2026-09-02,Measles,SA,2003,24
2026-09-02,Measles,TAS,2003,0
2026-09-02,Measles,VIC,2003,39
2026-09-02,Measles,WA,2003,0
2026-09-02,Measles,National,2004,44
2026-09-02,Measles,ACT,2004,0
2026-09-02,Measles,NSW,2004,11
2026-09-02,Measles,NT,2004,3
2026-09-02,Measles,QLD,2004,0
2026-09-02,Measles,SA,2004,6
2026-09-02,Measles,TAS,2004,0
2026-09-02,Measles,VIC,2004,15
2026-09-02,Measles,WA,2004,9
2026-09-02,Measles,National,2005,17
2026-09-02,Measles,ACT,2005,0
2026-09-02,Measles,NSW,2005,5
2026-09-02,Measles,NT,2005,0
2026-09-02,Measles,QLD,2005,3
2026-09-02,Measles,SA,2005,0
2026-09-02,Measles,TAS,2005,3
2026-09-02,Measles,VIC,2005,3
2026-09-02,Measles,WA,2005,3
2026-09-02,Measles,National,2006,127
2026-09-02,Measles,ACT,2006,3
2026-09-02,Measles,NSW,2006,60
2026-09-02,Measles,NT,2006,0
2026-09-02,Measles,QLD,2006,3
2026-09-02,Measles,SA,2006,9
2026-09-02,Measles,TAS,2006,11
2026-09-02,Measles,VIC,2006,12
2026-09-02,Measles,WA,2006,29
2026-09-02,Measles,National,2007,15
2026-09-02,Measles,ACT,2007,0
2026-09-02,Measles,NSW,2007,3
2026-09-02,Measles,NT,2007,0
2026-09-02,Measles,QLD,2007,3
2026-09-02,Measles,SA,2007,3
2026-09-02,Measles,TAS,2007,0
2026-09-02,Measles,VIC,2007,3
2026-09-02,Measles,WA,2007,3
2026-09-02,Measles,National,2008,67
2026-09-02,Measles,ACT,2008,0
2026-09-02,Measles,NSW,2008,39
2026-09-02,Measles,NT,2008,3
2026-09-02,Measles,QLD,2008,11
2026-09-02,Measles,SA,2008,3
2026-09-02,Measles,TAS,2008,0
2026-09-02,Measles,VIC,2008,3
2026-09-02,Measles,WA,2008,8
2026-09-02,Measles,National,2009,109
2026-09-02,Measles,ACT,2009,3
2026-09-02,Measles,NSW,2009,19
2026-09-02,Measles,NT,2009,3
2026-09-02,Measles,QLD,2009,32
2026-09-02,Measles,SA,2009,3
2026-09-02,Measles,TAS,2009,3
2026-09-02,Measles,VIC,2009,36
2026-09-02,Measles,WA,2009,10
2026-09-02,Measles,National,2010,74
2026-09-02,Measles,ACT,2010,3
2026-09-02,Measles,NSW,2010,25
2026-09-02,Measles,NT,2010,3
2026-09-02,Measles,QLD,2010,14
2026-09-02,Measles,SA,2010,3
2026-09-02,Measles,TAS,2010,0
2026-09-02,Measles,VIC,2010,15
2026-09-02,Measles,WA,2010,11
2026-09-02,Measles,National,2011,193
2026-09-02,Measles,ACT,2011,21
2026-09-02,Measles,NSW,2011,90
2026-09-02,Measles,NT,2011,5
2026-09-02,Measles,QLD,2011,18
2026-09-02,Measles,SA,2011,3
2026-09-02,Measles,TAS,2011,0
2026-09-02,Measles,VIC,2011,39
2026-09-02,Measles,WA,2011,17
2026-09-02,Measles,National,2012,199
2026-09-02,Measles,ACT,2012,0
2026-09-02,Measles,NSW,2012,170
2026-09-02,Measles,NT,2012,3
2026-09-02,Measles,QLD,2012,3
2026-09-02,Measles,SA,2012,6
2026-09-02,Measles,TAS,2012,0
2026-09-02,Measles,VIC,2012,11
2026-09-02,Measles,WA,2012,6
2026-09-02,Measles,National,2013,160
2026-09-02,Measles,ACT,2013,3
2026-09-02,Measles,NSW,2013,34
2026-09-02,Measles,NT,2013,0
2026-09-02,Measles,QLD,2013,52
2026-09-02,Measles,SA,2013,16
2026-09-02,Measles,TAS,2013,0
2026-09-02,Measles,VIC,2013,41
2026-09-02,Measles,WA,2013,14
2026-09-02,Measles,National,2014,339
2026-09-02,Measles,ACT,2014,7
2026-09-02,Measles,NSW,2014,67
2026-09-02,Measles,NT,2014,52
2026-09-02,Measles,QLD,2014,72
2026-09-02,Measles,SA,2014,16
2026-09-02,Measles,TAS,2014,5
2026-09-02,Measles,VIC,2014,77
2026-09-02,Measles,WA,2014,43
2026-09-02,Measles,National,2015,74
2026-09-02,Measles,ACT,2015,3
2026-09-02,Measles,NSW,2015,9
2026-09-02,Measles,NT,2015,0
2026-09-02,Measles,QLD,2015,21
2026-09-02,Measles,SA,2015,3
2026-09-02,Measles,TAS,2015,0
2026-09-02,Measles,VIC,2015,30
2026-09-02,Measles,WA,2015,8
2026-09-02,Measles,National,2016,100
2026-09-02,Measles,ACT,2016,3
2026-09-02,Measles,NSW,2016,18
2026-09-02,Measles,NT,2016,0
2026-09-02,Measles,QLD,2016,15
2026-09-02,Measles,SA,2016,11
2026-09-02,Measles,TAS,2016,3
2026-09-02,Measles,VIC,2016,39
2026-09-02,Measles,WA,2016,11
2026-09-02,Measles,National,2017,85
2026-09-02,Measles,ACT,2017,3
2026-09-02,Measles,NSW,2017,30
2026-09-02,Measles,NT,2017,3
2026-09-02,Measles,QLD,2017,8
2026-09-02,Measles,SA,2017,3
2026-09-02,Measles,TAS,2017,0
2026-09-02,Measles,VIC,2017,21
2026-09-02,Measles,WA,2017,17
2026-09-02,Measles,National,2018,106
2026-09-02,Measles,ACT,2018,3
2026-09-02,Measles,NSW,2018,19
2026-09-02,Measles,NT,2018,0
2026-09-02,Measles,QLD,2018,14
2026-09-02,Measles,SA,2018,3
2026-09-02,Measles,TAS,2018,3
2026-09-02,Measles,VIC,2018,26
2026-09-02,Measles,WA,2018,38
2026-09-02,Measles,National,2019,287
2026-09-02,Measles,ACT,2019,3
2026-09-02,Measles,NSW,2019,62
2026-09-02,Measles,NT,2019,31
2026-09-02,Measles,QLD,2019,74
2026-09-02,Measles,SA,2019,3
2026-09-02,Measles,TAS,2019,3
2026-09-02,Measles,VIC,2019,59
2026-09-02,Measles,WA,2019,52
2026-09-02,Measles,National,2020,23
2026-09-02,Measles,ACT,2020,0
2026-09-02,Measles,NSW,2020,11
2026-09-02,Measles,NT,2020,0
2026-09-02,Measles,QLD,2020,6
2026-09-02,Measles,SA,2020,0
2026-09-02,Measles,TAS,2020,0
2026-09-02,Measles,VIC,2020,3
2026-09-02,Measles,WA,2020,3
2026-09-02,Measles,National,2021,0
2026-09-02,Measles,ACT,2021,0
2026-09-02,Measles,NSW,2021,0
2026-09-02,Measles,NT,2021,0
2026-09-02,Measles,QLD,2021,0
2026-09-02,Measles,SA,2021,0
2026-09-02,Measles,TAS,2021,0
2026-09-02,Measles,VIC,2021,0
2026-09-02,Measles,WA,2021,0
2026-09-02,Measles,National,2022,9
2026-09-02,Measles,ACT,2022,0
2026-09-02,Measles,NSW,2022,3
2026-09-02,Measles,NT,2022,0
2026-09-02,Measles,QLD,2022,0
2026-09-02,Measles,SA,2022,0
2026-09-02,Measles,TAS,2022,0
2026-09-02,Measles,VIC,2022,6
2026-09-02,Measles,WA,2022,0
2026-09-02,Measles,National,2023,29
2026-09-02,Measles,ACT,2023,3
2026-09-02,Measles,NSW,2023,6
2026-09-02,Measles,NT,2023,0
2026-09-02,Measles,QLD,2023,5
2026-09-02,Measles,SA,2023,3
2026-09-02,Measles,TAS,2023,3
2026-09-02,Measles,VIC,2023,3
2026-09-02,Measles,WA,2023,6
2026-09-02,Measles,National,2024,59
2026-09-02,Measles,ACT,2024,3
2026-09-02,Measles,NSW,2024,18
2026-09-02,Measles,NT,2024,0
2026-09-02,Measles,QLD,2024,9
2026-09-02,Measles,SA,2024,6
2026-09-02,Measles,TAS,2024,0
2026-09-02,Measles,VIC,2024,17
2026-09-02,Measles,WA,2024,6
2026-09-02,Measles,National,2025,183
2026-09-02,Measles,ACT,2025,0
2026-09-02,Measles,NSW,2025,37
2026-09-02,Measles,NT,2025,3
2026-09-02,Measles,QLD,2025,34
2026-09-02,Measles,SA,2025,7
2026-09-02,Measles,TAS,2025,3
2026-09-02,Measles,VIC,2025,36
2026-09-02,Measles,WA,2025,63
2026-09-02,Measles,National,2026,112
2026-09-02,Measles,ACT,2026,3
2026-09-02,Measles,NSW,2026,53
2026-09-02,Measles,NT,2026,0
2026-09-02,Measles,QLD,2026,18
2026-09-02,Measles,SA,2026,3
2026-09-02,Measles,TAS,2026,0
2026-09-02,Measles,VIC,2026,30
2026-09-02,Measles,WA,2026,5
2026-09-09,COVID-19,National,2020,28104
2026-09-09,COVID-19,NSW,2020,4974
2026-09-09,COVID-19,WA,2020,2
2026-09-09,COVID-19,National,2021,537662
2026-09-09,COVID-19,NSW,2021,279157
2026-09-09,COVID-19,QLD,2021,31615
2026-09-09,COVID-19,SA,2021,18634
2026-09-09,COVID-19,National,2022,10278884
2026-09-09,COVID-19,NSW,2022,3350434
2026-09-09,COVID-19,QLD,2022,1586918
2026-09-09,COVID-19,SA,2022,850100
2026-09-09,COVID-19,National,2023,862356
2026-09-09,COVID-19,NSW,2023,307720
2026-09-09,COVID-19,SA,2023,95174
2026-09-09,COVID-19,National,2024,340543
2026-09-09,COVID-19,NSW,2024,132546
2026-09-09,COVID-19,SA,2024,44121
2026-09-09,COVID-19,National,2025,185246
2026-09-09,COVID-19,NSW,2025,81148
2026-09-09,COVID-19,National,2026,68871
2026-09-09,COVID-19,ACT,2026,1120
2026-09-09,COVID-19,NSW,2026,31933
2026-09-09,COVID-19,NT,2026,305
2026-09-09,COVID-19,QLD,2026,12798
2026-09-09,COVID-19,SA,2026,4287
2026-09-09,COVID-19,TAS,2026,1114
2026-09-09,COVID-19,VIC,2026,12982
2026-09-09,COVID-19,WA,2026,4332
2026-09-09,Influenza,National,2004,2065
2026-09-09,Influenza,ACT,2004,1
2026-09-09,Influenza,National,2024,365633
2026-09-09,Influenza,SA,2024,22763
2026-09-09,Influenza,National,2026,133452
2026-09-09,Influenza,ACT,2026,2194
2026-09-09,Influenza,NSW,2026,67206
2026-09-09,Influenza,NT,2026,903
2026-09-09,Influenza,QLD,2026,25311
2026-09-09,Influenza,SA,2026,5495
2026-09-09,Influenza,TAS,2026,1029
2026-09-09,Influenza,VIC,2026,22295
2026-09-09,Influenza,WA,2026,9019
2026-09-09,RSV,National,2003,1
2026-09-09,RSV,WA,2003,1
2026-09-09,RSV,National,2008,1
2026-09-09,RSV,QLD,2008,1
2026-09-09,RSV,National,2009,1
2026-09-09,RSV,QLD,2009,1
2026-09-09,RSV,National,2013,1
2026-09-09,RSV,NSW,2013,1
2026-09-09,RSV,National,2014,2
2026-09-09,RSV,NSW,2014,1
2026-09-09,RSV,QLD,2014,1
2026-09-09,RSV,National,2015,2
2026-09-09,RSV,QLD,2015,2
2026-09-09,RSV,National,2016,1
2026-09-09,RSV,QLD,2016,1
2026-09-09,RSV,National,2017,4
2026-09-09,RSV,QLD,2017,4
2026-09-09,RSV,National,2018,3
2026-09-09,RSV,NSW,2018,1
2026-09-09,RSV,QLD,2018,2
2026-09-09,RSV,National,2019,5
2026-09-09,RSV,QLD,2019,2
2026-09-09,RSV,National,2020,9
2026-09-09,RSV,WA,2020,1
2026-09-09,RSV,National,2021,1563
2026-09-09,RSV,VIC,2021,2
2026-09-09,RSV,National,2026,125388
2026-09-09,RSV,ACT,2026,2023
2026-09-09,RSV,NSW,2026,53391
2026-09-09,RSV,NT,2026,1003
2026-09-09,RSV,QLD,2026,22540
2026-09-09,RSV,SA,2026,8850
2026-09-09,RSV,TAS,2026,2307
2026-09-09,RSV,VIC,2026,25956
2026-09-09,RSV,WA,2026,9318
2026-09-09,Measles,National,1998,285
2026-09-09,Measles,NT,1998,1
2026-09-09,Measles,National,2001,131
2026-09-09,Measles,SA,2001,2
2026-09-09,Measles,TAS,2001,1
2026-09-09,Measles,National,2002,31
2026-09-09,Measles,SA,2002,2
2026-09-09,Measles,National,2003,92
2026-09-09,Measles,NT,2003,1
2026-09-09,Measles,National,2005,10
2026-09-09,Measles,QLD,2005,1
2026-09-09,Measles,TAS,2005,1
2026-09-09,Measles,VIC,2005,2
2026-09-09,Measles,WA,2005,1
2026-09-09,Measles,National,2006,124
2026-09-09,Measles,ACT,2006,1
2026-09-09,Measles,QLD,2006,2
2026-09-09,Measles,National,2007,12
2026-09-09,Measles,NSW,2007,4
2026-09-09,Measles,QLD,2007,4
2026-09-09,Measles,SA,2007,1
2026-09-09,Measles,VIC,2007,2
2026-09-09,Measles,WA,2007,1
2026-09-09,Measles,National,2008,65
2026-09-09,Measles,SA,2008,2
2026-09-09,Measles,VIC,2008,2
2026-09-09,Measles,National,2009,104
2026-09-09,Measles,ACT,2009,1
2026-09-09,Measles,NT,2009,1
2026-09-09,Measles,TAS,2009,2
2026-09-09,Measles,National,2010,70
2026-09-09,Measles,ACT,2010,1
2026-09-09,Measles,NT,2010,2
2026-09-09,Measles,SA,2010,2
2026-09-09,Measles,National,2011,194
2026-09-09,Measles,SA,2011,4
2026-09-09,Measles,NT,2012,2
2026-09-09,Measles,QLD,2012,4
2026-09-09,Measles,National,2013,158
2026-09-09,Measles,ACT,2013,1
2026-09-09,Measles,ACT,2015,2
2026-09-09,Measles,SA,2015,4
2026-09-09,Measles,National,2016,99
2026-09-09,Measles,ACT,2016,2
2026-09-09,Measles,National,2017,81
2026-09-09,Measles,ACT,2017,2
2026-09-09,Measles,NT,2017,2
2026-09-09,Measles,SA,2017,1
2026-09-09,Measles,National,2018,103
2026-09-09,Measles,SA,2018,2
2026-09-09,Measles,TAS,2018,1
2026-09-09,Measles,National,2019,285
2026-09-09,Measles,ACT,2019,2
2026-09-09,Measles,SA,2019,4
2026-09-09,Measles,TAS,2019,1
2026-09-09,Measles,National,2020,25
2026-09-09,Measles,VIC,2020,4
2026-09-09,Measles,WA,2020,4
2026-09-09,Measles,National,2022,7
2026-09-09,Measles,NSW,2022,1
2026-09-09,Measles,National,2023,26
2026-09-09,Measles,ACT,2023,1
2026-09-09,Measles,TAS,2023,1
2026-09-09,Measles,VIC,2023,4
2026-09-09,Measles,National,2024,57
2026-09-09,Measles,ACT,2024,1
2026-09-09,Measles,National,2025,181
2026-09-09,Measles,NT,2025,1
2026-09-09,Measles,National,2026,112
2026-09-09,Measles,ACT,2026,2
2026-09-09,Measles,NSW,2026,53
2026-09-09,Measles,NT,2026,0
2026-09-09,Measles,QLD,2026,18
2026-09-09,Measles,SA,2026,4
2026-09-09,Measles,TAS,2026,0
2026-09-09,Measles,VIC,2026,30
2026-09-09,Measles,WA,2026,5
